,Date,Unix,Ticker,DE Ratio,Price,stock_p_change,SP500,sp500_p_change,Difference,Status
0,2004-01-30 19:01:02,1075507262.0,a,0.407,36.65,0.0,1144.05,0.0,0.0,underperform
1,2004-04-13 04:07:11,1081843631.0,a,0.375,31.87,-13.0422919509,1129.44,-1.27704208732,-11.7652498636,underperform
2,2004-12-13 21:37:34,1102991854.0,a,0.323,23.84,-34.9522510232,1188.0,3.84161531402,-38.7938663372,underperform
3,2005-01-22 05:17:19,1106389039.0,a,0.322,21.8,-40.5184174625,1184.63,3.54704776889,-44.0654652314,underperform
4,2006-01-09 02:35:16,1136792116.0,a,0.0,34.65,-5.45702592087,1285.45,12.3595996678,-17.8166255887,underperform
5,2006-06-21 11:01:16,1150902076.0,a,0.368,32.18,-12.1964529332,1252.2,9.45325816179,-21.6497110949,underperform
6,2006-08-19 10:42:01,1155998521.0,a,0.396,31.8,-13.2332878581,1295.43,13.2319391635,-26.4652270216,underperform
7,2007-02-20 17:46:56,1172011616.0,a,0.411,32.48,-11.377899045,1459.68,27.5888291596,-38.9667282046,underperform
8,2007-04-12 05:07:51,1176368871.0,a,0.411,34.62,-5.53888130969,1444.61,26.2715790394,-31.8104603491,underperform
9,2008-01-23 19:28:50,1201134530.0,a,0.645,32.16,-12.2510231924,1338.6,17.0053756392,-29.2563988315,underperform
10,2008-02-14 04:44:34,1202982274.0,a,0.645,32.68,-10.8321964529,1339.13,17.0517022857,-27.8838987387,underperform
11,2008-04-26 04:49:23,1209199763.0,a,0.67,31.53,-13.9699863574,1379.93,20.6179799834,-34.5879663408,underperform
12,2008-12-06 19:21:33,1228609293.0,a,0.83,17.26,-52.9058663029,870.74,-23.8896901359,-29.0161761669,underperform
13,2011-08-02 06:45:37,1312281937.0,a,54.36,40.79,11.2960436562,1254.05,9.61496438093,1.68107927528,outperform
14,2011-11-08 05:04:16,1320746656.0,a,51.62,37.74,2.97407912688,1275.92,11.5265941174,-8.55251499051,underperform
15,2013-05-14 00:28:58,1368505738.0,a,44.12,37.74,2.97407912688,1650.34,44.2541846947,-41.2801055678,underperform
16,2013-09-06 06:09:52,1378462192.0,a,56.39,37.74,2.97407912688,1639.77,43.3302740265,-40.3561948996,underperform
17,2004-04-13 04:20:10,1081844410.0,aa,0.595,34.26,0.0,1129.44,0.0,0.0,underperform
18,2004-09-09 16:15:45,1094760945.0,aa,0.561,32.89,-3.99883245768,1118.38,-0.979246352175,-3.0195861055,underperform
19,2004-11-24 10:37:20,1101310640.0,aa,0.53,33.58,-1.9848219498,1181.76,4.6323841904,-6.61720614019,underperform
20,2004-12-05 00:36:42,1102225002.0,aa,0.53,32.86,-4.08639813193,1190.33,5.39116730415,-9.47756543608,underperform
21,2005-01-13 07:18:32,1105618712.0,aa,0.457,29.43,-14.0980735552,1190.25,5.3840841479,-19.4821577031,underperform
22,2005-02-07 03:48:37,1107766117.0,aa,0.457,29.37,-14.2732049037,1203.03,6.51561835954,-20.7888232632,underperform
23,2005-05-22 08:48:23,1116766103.0,aa,0.543,27.45,-19.877408056,1191.08,5.45757189404,-25.3349799501,underperform
24,2006-06-20 04:32:21,1150792341.0,aa,0.526,29.1,-15.061295972,1240.12,9.799546678,-24.86084265,underperform
25,2007-01-25 19:09:37,1169770177.0,aa,0.494,31.46,-8.17279626386,1422.95,25.987214903,-34.1600111668,underperform
26,2007-02-23 09:03:42,1172239422.0,aa,0.494,34.75,1.43023934618,1459.68,29.2392690183,-27.8090296721,underperform
27,2007-05-16 21:12:47,1179364367.0,aa,0.494,39.04,13.9521307647,1514.14,34.0611276385,-20.1089968737,underperform
28,2007-06-22 06:39:12,1182508752.0,aa,0.503,40.34,17.7466433158,1533.7,35.7929593427,-18.0463160269,underperform
29,2007-10-11 20:57:59,1192150679.0,aa,0.47,38.08,11.1500291886,1552.58,37.4645842187,-26.3145550302,underperform
30,2008-01-23 16:05:53,1201122353.0,aa,0.499,28.04,-18.155283129,1338.6,18.5189120272,-36.6741951562,underperform
31,2008-10-28 00:52:22,1225169542.0,aa,0.672,9.04,-73.613543491,940.51,-16.7277588894,-56.8857846016,underperform
32,2008-12-05 01:03:15,1228456995.0,aa,0.672,8.06,-76.4740221833,848.81,-24.846826746,-51.6271954373,underperform
33,2008-12-06 09:33:46,1228574026.0,aa,0.672,8.15,-76.2113251605,870.74,-22.9051565378,-53.3061686228,underperform
34,2008-12-18 10:54:07,1229615647.0,aa,0.672,10.35,-69.7898423818,868.57,-23.0972871512,-46.6925552306,underperform
35,2011-09-03 09:21:23,1315056083.0,aa,48.26,12.04,-64.8569760654,1218.89,7.91985408698,-72.7768301524,underperform
36,2011-11-02 22:04:47,1320285887.0,aa,50.93,10.7,-68.7682428488,1237.9,9.60298909194,-78.3712319407,underperform
37,2011-11-05 21:29:24,1320542964.0,aa,50.93,10.93,-68.0969060128,1237.9,9.60298909194,-77.6998951048,underperform
38,2012-01-02 19:42:06,1325551326.0,aa,50.93,8.65,-74.7518972563,1257.6,11.3472163196,-86.0991135759,underperform
39,2012-03-09 07:34:06,1331296446.0,aa,54.5,8.65,-74.7518972563,1343.36,18.9403598243,-93.6922570806,underperform
40,2012-03-19 02:24:48,1332138288.0,aa,54.5,8.65,-74.7518972563,1404.17,24.3244439722,-99.0763412285,underperform
41,2012-05-19 11:51:52,1337442712.0,aa,55.28,8.65,-74.7518972563,1324.8,17.2970675733,-92.0489648296,underperform
42,2012-07-29 16:51:57,1343595117.0,aa,56.42,8.65,-74.7518972563,1360.02,20.4154271143,-95.1673243706,underperform
43,2012-11-27 11:38:14,1354034294.0,aa,56.51,8.65,-74.7518972563,1398.94,23.8613826321,-98.6132798884,underperform
44,2013-01-22 17:52:37,1358895157.0,aa,53.49,8.65,-74.7518972563,1492.56,32.1504462388,-106.902343495,underperform
45,2013-04-23 20:02:57,1366761777.0,aa,53.21,8.65,-74.7518972563,1578.78,39.7843178921,-114.536215148,underperform
46,2013-04-26 20:55:15,1367024115.0,aa,53.21,8.65,-74.7518972563,1578.78,39.7843178921,-114.536215148,underperform
47,2013-09-01 04:25:11,1378023911.0,aa,52.71,8.65,-74.7518972563,1638.17,45.0426760164,-119.794573273,underperform
48,2003-12-07 10:36:10,1070811370.0,aapl,0.072,20.85,0.0,1069.72,0.0,0.0,underperform
49,2004-02-03 07:33:34,1075811614.0,aapl,0.07,22.32,7.05035971223,1136.03,6.19881838238,0.85154132985,outperform
50,2004-06-03 01:20:38,1086240038.0,aapl,0.0,28.92,38.7050359712,1116.64,4.38619451819,34.318841453,outperform
51,2004-08-10 02:02:44,1092117764.0,aapl,0.0,30.3,45.3237410072,1079.04,0.871256029615,44.4524849776,outperform
52,2004-10-12 05:40:57,1097574057.0,aapl,0.0,38.59,85.0839328537,1121.84,4.87230303257,80.2116298211,outperform
53,2004-12-04 14:16:51,1102187811.0,aapl,0.0,62.68,200.623501199,1191.37,11.3721347642,189.251366435,outperform
54,2005-01-26 15:16:47,1106770607.0,aapl,0.0,71.94,245.035971223,1174.07,9.75488912987,235.281082093,outperform
55,2005-02-04 03:07:08,1107504428.0,aapl,0.0,77.81,273.189448441,1189.41,11.1889092473,262.000539194,outperform
56,2005-03-01 10:36:03,1109691363.0,aapl,0.0,44.86,115.1558753,1210.41,13.1520397861,102.003835514,outperform
57,2005-12-17 11:55:53,1134838553.0,aapl,0.0,71.11,241.055155875,1272.74,18.9787981902,222.076357685,outperform
58,2006-01-25 09:43:52,1138200232.0,aapl,0.0,76.04,264.700239808,1264.68,18.2253299929,246.474909815,outperform
59,2013-08-11 02:30:32,1376202632.0,aapl,13.75,76.04,264.700239808,1697.48,58.6845155742,206.015724234,outperform
60,2013-06-19 09:57:38,1371650258.0,abbv,512.61,76.04,0.0,1628.93,0.0,0.0,underperform
61,2003-10-26 16:06:32,1067202392.0,abc,0.592,57.01,0.0,1033.77,0.0,0.0,underperform
62,2004-01-28 07:37:34,1075293454.0,abc,0.429,56.36,-1.14015085073,1128.48,9.16161235091,-10.3017632016,underperform
63,2004-05-16 19:24:15,1084749855.0,abc,0.412,58.97,3.4379933345,1096.44,6.06227690879,-2.62428357429,underperform
64,2004-10-20 01:31:26,1098250286.0,abc,0.331,52.1,-8.61252411858,1103.66,6.76069144974,-15.3732155683,underperform
65,2005-01-08 07:45:42,1105188342.0,abc,0.332,57.9,1.56112962638,1183.74,14.5070953887,-12.9459657623,underperform
66,2005-03-30 19:52:42,1112230362.0,abc,0.291,55.44,-2.75390282407,1181.41,14.2817067626,-17.0356095867,underperform
67,2005-05-26 01:50:44,1117086644.0,abc,0.23,65.93,15.6463778285,1193.86,15.4860365458,0.160341282604,outperform
68,2005-12-04 08:46:13,1133703973.0,abc,0.223,79.46,39.3790563059,1264.67,22.3357226462,17.0433336597,outperform
69,2007-02-20 06:12:02,1171969922.0,abc,0.308,54.9,-3.70110506929,1459.68,41.1996865841,-44.9007916533,underperform
70,2007-04-05 16:11:07,1175803867.0,abc,0.308,53.94,-5.3850201719,1424.55,37.8014451957,-43.1864653676,underperform
71,2008-01-23 20:34:05,1201138445.0,abc,0.396,45.55,-20.1017365374,1338.6,29.4872166923,-49.5889532298,underperform
72,2011-07-08 00:04:15,1310097855.0,abc,42.86,43.05,-24.4869321172,1337.88,29.4175687048,-53.904500822,underperform
73,2012-02-28 18:01:38,1330470098.0,abc,66.41,43.05,-24.4869321172,1372.18,32.7355214409,-57.2224535581,underperform
74,2013-04-25 01:02:00,1366866120.0,abc,59.73,43.05,-24.4869321172,1562.5,51.1458061271,-75.6327382443,underperform
75,2004-09-20 13:31:02,1095701462.0,abt,0.543,42.92,0.0,1128.55,0.0,0.0,underperform
76,2004-10-23 22:48:08,1098586088.0,abt,0.543,40.86,-4.79962721342,1103.66,-2.20548491427,-2.59414229915,underperform
77,2005-01-25 12:44:11,1106675051.0,abt,0.508,45.93,7.01304753029,1168.41,3.53196579682,3.48108173347,outperform
78,2005-02-28 19:21:54,1109636514.0,abt,0.508,45.61,6.26747437092,1211.37,7.33862035355,-1.07114598263,underperform
79,2006-06-17 18:01:01,1150581661.0,abt,0.436,42.78,-0.326188257223,1230.04,8.99295556245,-9.31914381967,underperform
80,2006-07-18 12:32:14,1153240334.0,abt,0.436,44.48,3.63466915191,1236.86,9.59727083426,-5.96260168235,underperform
81,2007-01-13 21:19:42,1168741182.0,abt,0.604,50.45,17.5442684063,1414.85,25.3688361171,-7.8245677108,underperform
82,2007-03-23 02:47:40,1174632460.0,abt,0.883,54.5,26.9804287046,1410.94,25.0223738425,1.95805486203,outperform
83,2007-04-10 20:13:09,1176250389.0,abt,0.883,57.11,33.0615097856,1448.39,28.3407912808,4.7207185048,outperform
84,2007-06-03 02:36:35,1180852595.0,abt,0.871,56.3,31.174277726,1530.62,35.6271321607,-4.45285443474,underperform
85,2008-01-23 23:41:45,1201149705.0,abt,0.784,57.97,35.0652376514,1338.6,18.6123787161,16.4528589354,outperform
86,2008-04-28 03:46:55,1209368815.0,abt,0.687,51.28,19.4780987884,1397.84,23.8615923087,-4.38349352027,underperform
87,2008-10-23 21:57:42,1224813462.0,abt,0.732,55.02,28.1919850885,985.4,-12.6844180586,40.8764031471,outperform
88,2008-12-25 05:30:56,1230201056.0,abt,0.546,52.65,22.670083877,871.63,-22.7654955474,45.4355794244,outperform
89,2011-08-05 04:11:33,1312531893.0,abt,76.17,48.77,13.6300093197,1254.05,11.1204643126,2.50954500705,outperform
90,2011-09-02 09:24:27,1314969867.0,abt,68.83,51.94,21.0158434296,1212.92,7.47596473351,13.5398786961,outperform
91,2011-11-02 06:21:21,1320229281.0,abt,68.83,52.76,22.9263746505,1237.9,9.68942448274,13.2369501678,outperform
92,2012-01-01 23:13:40,1325477620.0,abt,67.73,56.23,31.0111835974,1263.02,11.9152895308,19.0958940666,outperform
93,2012-03-02 20:56:30,1330739790.0,abt,62.85,56.23,31.0111835974,1372.18,21.5878782509,9.42330534654,outperform
94,2012-03-30 05:44:15,1333100655.0,abt,62.85,56.23,31.0111835974,1412.52,25.1623765008,5.84880709657,outperform
95,2013-05-08 18:10:02,1368051002.0,abt,76.36,56.23,31.0111835974,1632.69,44.6714811041,-13.6602975067,underperform
96,2013-08-18 07:12:45,1376824365.0,abt,35.38,56.23,31.0111835974,1661.32,47.2083647158,-16.1971811184,underperform
97,2004-08-16 22:53:27,1092711207.0,ace,0.26,39.1,0.0,1064.8,0.0,0.0,underperform
98,2004-10-10 11:27:42,1097422062.0,ace,0.26,41.04,4.96163682864,1130.65,6.18425995492,-1.22262312628,underperform
99,2005-01-13 13:27:29,1105640849.0,ace,0.21,42.76,9.36061381074,1190.25,11.7815552216,-2.4209414109,underperform
100,2007-02-20 18:32:05,1172014325.0,ace,0.171,58.6,49.8721227621,1459.68,37.0848985725,12.7872241896,outperform
101,2007-04-05 15:54:06,1175802846.0,ace,0.171,57.24,46.3938618926,1424.55,33.785687453,12.6081744395,outperform
102,2008-01-23 21:48:58,1201142938.0,ace,0.154,59.98,53.4015345269,1338.6,25.7137490609,27.687785466,outperform
103,2010-12-07 07:29:30,1291724970.0,ace,23.09,59.06,51.0485933504,1223.75,14.9276859504,36.1209074,outperform
104,2011-08-11 20:49:00,1313110140.0,ace,27.7,63.42,62.199488491,1119.46,5.13335837716,57.0661301139,outperform
105,2013-04-23 04:24:03,1366705443.0,ace,24.94,63.42,62.199488491,1578.78,48.2700976709,13.9293908201,outperform
106,2013-05-16 15:08:57,1368731337.0,ace,27.94,63.42,62.199488491,1633.77,53.4344477836,8.76504070743,outperform
107,2003-12-15 23:12:24,1071547944.0,aci,1.074,30.78,0.0,1074.14,0.0,0.0,underperform
108,2005-01-24 04:33:07,1106559187.0,aci,1.18,34.52,12.1507472385,1167.87,8.72605060793,3.42469663054,outperform
109,2005-02-05 03:36:51,1107592611.0,aci,1.18,38.4,24.7563352827,1193.19,11.0832852328,13.6730500498,outperform
110,2005-03-30 06:50:28,1112183428.0,aci,0.936,41.15,33.6907082521,1181.41,9.9865939263,23.7041143258,outperform
111,2006-05-24 04:17:01,1148458621.0,aci,0.854,46.39,50.7147498376,1258.57,17.1700150818,33.5447347557,outperform
112,2007-03-11 21:41:07,1173663667.0,aci,0.86,30.08,-2.27420402859,1401.89,30.5127823189,-32.7869863475,underperform
113,2007-04-07 18:52:27,1175986347.0,aci,0.86,33.93,10.2339181287,1439.37,34.0020853892,-23.7681672606,underperform
114,2008-03-02 17:50:27,1204498227.0,aci,0.851,51.09,65.9844054581,1367.68,27.3279088387,38.6564966194,outperform
115,2008-06-05 02:23:56,1212647036.0,aci,0.899,67.52,119.363222872,1385.67,29.0027370734,90.3604857986,outperform
116,2008-10-08 20:51:28,1223513488.0,aci,0.772,25.11,-18.4210526316,984.94,-8.3043178729,-10.1167347587,underperform
117,2008-12-05 05:35:57,1228473357.0,aci,0.767,11.93,-61.241065627,848.81,-20.9777124025,-40.2633532246,underperform
118,2011-08-18 01:16:41,1313644601.0,aci,118.77,19.7,-35.9974009097,1204.49,12.1352896271,-48.1326905367,underperform
119,2012-07-26 21:31:10,1343352670.0,aci,113.56,19.7,-35.9974009097,1350.52,25.7303517232,-61.7277526329,underperform
120,2012-11-04 10:32:06,1352043126.0,aci,144.73,19.7,-35.9974009097,1427.59,32.9053940827,-68.9027949924,underperform
121,2013-04-23 05:25:15,1366709115.0,aci,179.32,19.7,-35.9974009097,1578.78,46.9808404863,-82.978241396,underperform
122,2013-04-25 06:05:53,1366884353.0,aci,179.32,19.7,-35.9974009097,1562.5,45.4652093768,-81.4626102865,underperform
123,2003-11-08 10:24:47,1068305087.0,acn,0.076,25.05,0.0,1051.81,0.0,0.0,underperform
124,2004-12-10 06:26:24,1102677984.0,acn,0.023,26.2,4.59081836327,1177.07,11.9089949706,-7.3181766073,underperform
125,2005-02-10 03:10:56,1108023056.0,acn,0.023,25.51,1.83632734531,1201.72,14.2525741341,-12.4162467888,underperform
126,2005-04-04 05:07:40,1112605660.0,acn,0.023,24.44,-2.43512974052,1172.92,11.5144370181,-13.9495667586,underperform
127,2005-09-04 02:06:58,1125814018.0,acn,0.04,25.31,1.0379241517,1221.59,16.1416985958,-15.1037744441,underperform
128,2006-06-03 23:44:14,1149392654.0,acn,0.045,27.89,11.3373253493,1270.09,20.7527975585,-9.41547220919,underperform
129,2006-08-22 00:50:41,1156222241.0,acn,0.034,28.57,14.0518962076,1298.82,23.4842794801,-9.43238327255,underperform
130,2006-08-22 06:44:05,1156243445.0,acn,0.034,28.57,14.0518962076,1298.82,23.4842794801,-9.43238327255,underperform
131,2006-08-27 03:22:58,1156663378.0,acn,0.034,28.36,13.2135728543,1296.06,23.2218746732,-10.0083018189,underperform
132,2006-11-02 16:40:55,1162503655.0,acn,0.027,32.96,31.5768463074,1377.93,31.0055998707,0.571246436686,outperform
133,2006-11-11 01:01:42,1163224902.0,acn,0.027,33.87,35.2095808383,1385.72,31.7462279309,3.46335290742,outperform
134,2006-12-03 00:17:12,1165123032.0,acn,0.027,33.81,34.9700598802,1400.63,33.1637843337,1.80627554657,outperform
135,2007-03-14 19:10:39,1173913839.0,acn,0.018,35.39,41.2774451098,1387.17,31.8840855288,9.39335958103,outperform
136,2007-05-05 07:47:14,1178365634.0,acn,0.015,39.1,56.0878243513,1495.92,42.2234053679,13.8644189834,outperform
137,2007-06-05 04:17:34,1181031454.0,acn,0.015,41.24,64.630738523,1530.95,45.5538547837,19.0768837393,outperform
138,2007-07-06 07:06:36,1183719996.0,acn,0.015,42.81,70.8982035928,1524.87,44.9758036147,25.9223999781,outperform
139,2008-04-07 01:42:51,1207546971.0,acn,0.004,36.77,46.7864271457,1370.4,30.2896911039,16.4967360418,outperform
140,2008-10-18 23:21:07,1224386467.0,acn,0.003,31.4,25.3493013972,907.84,-13.6878333539,39.0371347511,outperform
141,2008-12-02 16:28:13,1228253293.0,acn,0.003,29.98,19.6806387226,848.81,-19.3000636997,38.9807024223,outperform
142,2008-12-21 20:10:46,1229908246.0,acn,0.001,32.21,28.5828343313,885.28,-15.8327074281,44.4155417595,outperform
143,2011-09-01 16:51:37,1314910297.0,acn,0.11,53.62,114.051896208,1210.08,15.0473944914,99.0045017162,outperform
144,2011-11-08 00:40:19,1320730819.0,acn,0.1,58.0,131.536926148,1275.92,21.3070801761,110.229845972,outperform
145,2012-02-29 00:47:01,1330494421.0,acn,0.15,58.0,131.536926148,1365.68,29.8409408543,101.695985293,outperform
146,2012-11-04 02:11:28,1352013088.0,acn,0.0,58.0,131.536926148,1427.59,35.7269849117,95.809941236,outperform
147,2013-04-23 04:45:22,1366706722.0,acn,0.0,58.0,131.536926148,1578.78,50.1012540288,81.4356721189,outperform
148,2013-05-10 03:17:29,1368170249.0,acn,0.0,58.0,131.536926148,1625.96,54.5868550404,76.9500711073,outperform
149,2013-05-12 08:27:29,1368361649.0,act,177.28,58.0,0.0,1626.67,0.0,0.0,underperform
150,2004-01-25 05:32:05,1075026725.0,adbe,0.0,38.04,0.0,1143.94,0.0,0.0,underperform
151,2004-08-21 23:10:00,1093144200.0,adbe,0.0,46.09,21.1619348055,1095.17,-4.26333548962,25.4252702951,outperform
152,2004-11-12 17:19:37,1100297977.0,adbe,0.0,58.1,52.7339642482,1164.08,1.7605818487,50.9733823995,outperform
153,2005-02-07 16:20:07,1107811207.0,adbe,0.0,63.67,67.3764458465,1203.03,5.16548070703,62.2109651394,outperform
154,2005-04-05 04:12:22,1112688742.0,adbe,0.0,66.58,75.0262881178,1181.39,3.27377309999,71.7525150178,outperform
155,2005-08-31 10:51:30,1125499890.0,adbe,0.0,27.12,-28.7066246057,1220.33,6.6777977866,-35.3844223923,underperform
156,2008-12-04 14:30:57,1228419057.0,adbe,0.08,22.54,-40.7465825447,816.21,-28.6492298547,-12.09735269,underperform
157,2008-12-05 00:15:55,1228454155.0,adbe,0.08,20.44,-46.2670872766,848.81,-25.79943004,-20.4676572365,underperform
158,2008-12-17 11:42:55,1229532175.0,adbe,0.08,22.32,-41.3249211356,904.42,-20.9381610924,-20.3867600433,underperform
159,2008-12-20 21:49:14,1229827754.0,adbe,0.079,22.13,-41.8243953733,904.42,-20.9381610924,-20.8862342809,underperform
160,2011-04-24 04:02:44,1303632164.0,adbe,28.03,33.48,-11.9873817035,1337.38,16.909977796,-28.8973594995,underperform
161,2011-08-05 04:11:46,1312531906.0,adbe,28.17,26.15,-31.2565720294,1254.05,9.62550483417,-40.8820768636,underperform
162,2011-09-25 13:42:54,1316972574.0,adbe,28.17,24.88,-34.5951629863,1129.56,-1.25705893666,-33.3381040497,underperform
163,2011-10-18 13:47:26,1318960046.0,adbe,27.25,26.24,-31.0199789695,1225.38,7.11925450636,-38.1392334759,underperform
164,2012-03-24 12:13:07,1332605587.0,adbe,25.26,26.24,-31.0199789695,1402.89,22.6366767488,-53.6566557183,underperform
165,2012-07-02 04:31:22,1341217882.0,adbe,24.76,26.24,-31.0199789695,1362.16,19.0761753239,-50.0961542934,underperform
166,2004-01-20 06:29:18,1074598158.0,adi,0.0,50.5,0.0,1138.77,0.0,0.0,underperform
167,2004-05-12 18:46:27,1084401987.0,adi,0.0,45.04,-10.8118811881,1097.28,-3.64340472615,-7.16847646197,underperform
168,2004-06-22 09:09:13,1087909753.0,adi,0.0,45.03,-10.8316831683,1134.41,-0.382869236106,-10.4488139322,underperform
169,2004-08-10 02:07:28,1092118048.0,adi,0.0,35.92,-28.8712871287,1079.04,-5.24513290656,-23.6261542222,underperform
170,2004-11-11 09:56:15,1100184975.0,adi,0.0,38.5,-23.7623762376,1164.89,2.29370285483,-26.0560790925,underperform
171,2005-01-24 03:34:28,1106555668.0,adi,0.0,34.47,-31.7425742574,1167.87,2.55538870887,-34.2979629663,underperform
172,2005-03-17 01:05:45,1111039545.0,adi,0.0,35.92,-28.8712871287,1206.83,5.97662390123,-34.8479110299,underperform
173,2005-04-08 23:33:20,1113017600.0,adi,0.0,35.67,-29.3663366337,1181.39,3.74263459698,-33.1089712306,underperform
174,2005-09-07 23:00:53,1126148453.0,adi,0.0,36.88,-26.9702970297,1236.36,8.56977264944,-35.5400696791,underperform
175,2005-10-31 08:19:48,1130764788.0,adi,0.0,34.61,-31.4653465347,1198.41,5.23722964251,-36.7025761772,underperform
176,2011-08-05 04:12:35,1312531955.0,adi,25.32,31.63,-37.3663366337,1254.05,10.1232031051,-47.4895397388,underperform
177,2012-03-19 11:50:51,1332172251.0,adi,22.65,31.63,-37.3663366337,1404.17,23.3058475373,-60.6721841709,underperform
178,2013-04-22 02:24:41,1366611881.0,adi,17.57,31.63,-37.3663366337,1555.25,36.5727934526,-73.9391300862,underperform
179,2013-05-11 12:07:46,1368288466.0,adi,17.57,31.63,-37.3663366337,1632.69,43.3731130957,-80.7394497294,underperform
180,2003-11-12 17:41:28,1068676888.0,adm,0.733,14.48,0.0,1058.53,0.0,0.0,underperform
181,2004-01-31 04:11:22,1075540282.0,adm,0.703,15.66,8.14917127072,1128.48,6.60822083455,1.54095043616,outperform
182,2004-04-14 16:44:25,1081975465.0,adm,0.789,16.81,16.091160221,1128.17,6.57893493807,9.51222528292,outperform
183,2004-06-19 13:33:48,1087666428.0,adm,0.848,16.28,12.4309392265,1133.56,7.08813165428,5.34280757224,outperform
184,2004-11-30 07:08:52,1101816532.0,adm,0.613,21.23,46.6160220994,1173.82,10.8915193712,35.7245027282,outperform
185,2005-01-26 00:58:06,1106719086.0,adm,0.613,22.65,56.4226519337,1174.07,10.9151370297,45.507514904,outperform
186,2005-02-08 21:21:16,1107915676.0,adm,0.613,23.71,63.7430939227,1202.3,13.5820430219,50.1610509007,outperform
187,2005-02-14 20:39:46,1108431586.0,adm,0.528,24.5,69.1988950276,1205.3,13.8654549233,55.3334401043,outperform
188,2007-02-20 08:05:08,1171976708.0,adm,0.541,35.88,147.790055249,1459.68,37.8968947503,109.893160498,outperform
189,2007-03-07 08:11:55,1173273115.0,adm,0.541,32.96,127.624309392,1391.97,31.5002881354,96.1240212568,outperform
190,2007-04-09 12:40:37,1176136837.0,adm,0.541,37.02,155.662983425,1444.61,36.4732222988,119.189761127,outperform
191,2007-06-18 03:24:32,1182151472.0,adm,0.597,34.57,138.743093923,1532.91,44.8149792637,93.928114659,outperform
192,2007-06-19 05:10:54,1182244254.0,adm,0.597,34.75,139.986187845,1533.7,44.8896110644,95.0965767809,outperform
193,2007-10-12 05:57:34,1192183054.0,adm,0.47,34.9,141.022099448,1565.15,47.8607124975,93.16138695,outperform
194,2008-01-23 23:14:44,1201148084.0,adm,0.62,40.85,182.113259669,1338.6,26.4583904093,155.654869259,outperform
195,2009-01-09 16:47:55,1231537675.0,adm,0.628,27.94,92.955801105,934.7,-11.6982985839,104.654099689,outperform
196,2011-07-29 19:09:22,1311980962.0,adm,85.48,30.64,111.602209945,1331.94,25.8292159882,85.7729939565,outperform
197,2011-08-05 04:13:27,1312532007.0,adm,85.48,28.05,93.7154696133,1254.05,18.4708983213,75.244571292,outperform
198,2011-09-28 04:29:00,1317198540.0,adm,54.78,25.77,77.9696132597,1151.06,8.74136774584,69.2282455138,outperform
199,2011-12-31 04:39:51,1325324391.0,adm,51.59,28.6,97.5138121547,1249.64,18.0542828262,79.4595293285,outperform
200,2012-07-28 11:39:41,1343489981.0,adm,55.68,28.6,97.5138121547,1337.89,26.3913162593,71.1224958954,outperform
201,2013-06-07 17:17:34,1370639854.0,adm,46.71,28.6,97.5138121547,1631.38,54.1175025743,43.3963095804,outperform
202,2004-05-12 18:03:39,1084399419.0,adp,0.015,45.7,0.0,1097.28,0.0,0.0,underperform
203,2006-05-29 06:22:46,1148898166.0,adp,0.012,45.98,0.612691466083,1280.16,16.6666666667,-16.0539752006,underperform
204,2006-06-27 09:26:37,1151414797.0,adp,0.012,44.48,-2.66958424508,1239.2,12.9337999417,-15.6033841868,underperform
205,2007-02-20 18:32:39,1172014359.0,adp,0.012,50.7,10.9409190372,1459.68,33.0271216098,-22.0862025726,underperform
206,2007-04-28 09:46:50,1177768010.0,adp,0.012,45.17,-1.15973741794,1495.42,36.28426655,-37.444003968,underperform
207,2007-05-28 15:46:58,1180381618.0,adp,0.007,49.23,7.72428884026,1515.73,38.1352070575,-30.4109182172,underperform
208,2007-06-30 05:05:33,1183194333.0,adp,0.007,48.47,6.06126914661,1506.34,37.2794546515,-31.2181855049,underperform
209,2007-10-22 09:12:40,1193058760.0,adp,0.008,47.52,3.98249452954,1500.63,36.7590769904,-32.7765824608,underperform
210,2008-01-23 19:35:35,1201134935.0,adp,0.078,38.56,-15.6236323851,1338.6,21.9925634296,-37.6161958147,underperform
211,2008-12-07 07:53:01,1228654381.0,adp,0.288,37.59,-17.7461706783,845.22,-22.9713473316,5.22517665325,outperform
212,2011-08-05 04:11:51,1312531911.0,adp,0.57,47.88,4.77024070022,1254.05,14.2871463984,-9.51690569815,underperform
213,2011-09-30 03:20:09,1317367209.0,adp,0.62,48.12,5.295404814,1175.38,7.11759988335,-1.82219506934,underperform
214,2012-01-04 00:07:51,1325653671.0,adp,0.61,54.46,19.1684901532,1277.3,16.4060221639,2.76246798928,outperform
215,2012-04-20 21:07:33,1334970453.0,adp,0.58,54.46,19.1684901532,1390.78,26.7479585885,-7.57946843534,underperform
216,2012-07-26 00:02:28,1343275348.0,adp,0.27,54.46,19.1684901532,1350.52,23.0788859726,-3.91039581941,underperform
217,2012-11-04 17:34:40,1352068480.0,adp,0.26,54.46,19.1684901532,1427.59,30.1026173812,-10.934127228,underperform
218,2013-02-06 18:15:11,1360192511.0,adp,7.29,54.46,19.1684901532,1512.12,37.8062117235,-18.6377215704,underperform
219,2013-04-23 04:13:36,1366704816.0,adp,0.46,54.46,19.1684901532,1578.78,43.8812335958,-24.7127434426,underperform
220,2013-04-26 14:37:22,1367001442.0,adp,0.46,54.46,19.1684901532,1578.78,43.8812335958,-24.7127434426,underperform
221,2003-10-03 16:48:40,1065214120.0,adsk,0.0,18.44,0.0,995.97,0.0,0.0,underperform
222,2004-06-20 07:36:21,1087731381.0,adsk,0.0,39.4,113.665943601,1132.05,13.6630621404,100.00288146,outperform
223,2004-08-03 23:39:21,1091590761.0,adsk,0.0,39.96,116.702819957,1099.69,10.4139682922,106.288851664,outperform
224,2005-02-25 15:10:44,1109362244.0,adsk,0.0,29.83,61.7678958785,1184.16,18.8951474442,42.8727484343,outperform
225,2005-04-19 09:08:08,1113916088.0,adsk,0.0,31.69,71.8546637744,1152.78,15.744450134,56.1102136404,outperform
226,2013-02-06 12:50:17,1360173017.0,adsk,5.45,31.69,71.8546637744,1512.12,51.823850116,20.0308136584,outperform
227,2013-05-14 02:47:26,1368514046.0,adsk,36.49,31.69,71.8546637744,1650.34,65.701778166,6.15288560839,outperform
228,2013-04-23 04:44:32,1366706672.0,adt,48.01,31.69,0.0,1578.78,0.0,0.0,underperform
229,2013-05-09 13:05:42,1368119142.0,adt,69.94,31.69,0.0,1617.5,2.45252663449,-2.45252663449,underperform
230,2004-09-24 17:33:50,1096061630.0,aee,0.804,46.07,0.0,1129.3,0.0,0.0,underperform
231,2004-11-02 15:30:15,1099427415.0,aee,0.804,48.01,4.2109832863,1130.56,0.111573541132,4.09940974517,outperform
232,2005-03-05 21:55:16,1110077716.0,aee,0.974,51.83,12.5027132624,1210.08,7.15310369255,5.34960956987,outperform
233,2005-12-16 06:43:01,1134733381.0,aee,0.863,52.32,13.5663121337,1267.43,12.2314708226,1.33484131108,outperform
234,2006-01-10 11:29:29,1136910569.0,aee,0.863,51.66,12.1337095724,1289.69,14.2026033826,-2.06889381024,underperform
235,2007-02-20 06:12:12,1171969932.0,aee,0.965,53.51,16.149337964,1459.68,29.2552908882,-13.1059529242,underperform
236,2007-12-15 01:09:10,1197698950.0,aee,1.02,53.77,16.7136965487,1486.59,31.6381829452,-14.9244863965,underperform
237,2008-01-23 19:17:07,1201133827.0,aee,1.02,46.34,0.586064684176,1338.6,18.533604888,-17.9475402038,underperform
238,2012-04-23 16:14:50,1335212090.0,aee,86.81,46.34,0.586064684176,1378.53,22.0694235367,-21.4833588525,underperform
239,2013-05-15 17:35:45,1368653745.0,aee,94.51,46.34,0.586064684176,1658.78,46.8856813956,-46.2996167114,underperform
240,2008-12-08 10:59:42,1228751982.0,aeo,0.054,9.73,0.0,876.07,0.0,0.0,underperform
241,2009-01-12 14:36:10,1231788970.0,aeo,0.054,10.13,4.11099691675,890.35,1.63000673462,2.48099018213,outperform
242,2004-08-03 23:58:46,1091591926.0,aep,1.754,31.64,0.0,1099.69,0.0,0.0,underperform
243,2004-10-10 13:54:05,1097430845.0,aep,1.739,32.38,2.33881163085,1130.65,2.81533886823,-0.476527237379,underperform
244,2005-04-04 22:37:45,1112668665.0,aep,1.435,33.96,7.33249051833,1172.92,6.65914939665,0.673341121683,outperform
245,2007-03-07 02:53:36,1173254016.0,aep,1.342,45.33,43.2680151707,1391.97,26.5783993671,16.6896158036,outperform
246,2007-04-10 20:12:53,1176250373.0,aep,1.457,49.34,55.9418457649,1448.39,31.7089361547,24.2329096101,outperform
247,2008-01-23 20:30:47,1201138247.0,aep,1.55,43.82,38.4955752212,1338.6,21.7252134693,16.770361752,outperform
248,2011-04-08 04:53:43,1302252823.0,aep,136.63,35.47,12.1049304678,1332.63,21.182333203,-9.07740273523,underperform
249,2011-11-13 10:16:12,1321197372.0,aep,120.73,39.52,24.9051833123,1239.7,12.7317698624,12.1734134498,outperform
250,2012-07-27 00:36:41,1343363801.0,aep,123.75,39.52,24.9051833123,1338.31,21.698842401,3.20634091122,outperform
251,2013-04-25 05:13:54,1366881234.0,aep,126.19,39.52,24.9051833123,1562.5,42.0854968218,-17.1803135096,underperform
252,2003-10-03 17:23:47,1065216227.0,aes,101.18,7.96,0.0,995.97,0.0,0.0,underperform
253,2003-12-15 21:31:38,1071541898.0,aes,29.748,8.39,5.40201005025,1074.14,7.84862997881,-2.44661992856,underperform
254,2004-08-04 00:04:30,1091592270.0,aes,15.619,9.66,21.3567839196,1098.63,10.3075393837,11.0492445359,outperform
255,2004-10-26 04:29:14,1098779354.0,aes,15.619,11.05,38.8190954774,1111.09,11.5585810818,27.2605143956,outperform
256,2004-12-05 09:19:07,1102256347.0,aes,12.944,12.42,56.0301507538,1190.33,19.5146440154,36.5155067384,outperform
257,2005-02-18 08:12:43,1108732363.0,aes,10.698,16.48,107.035175879,1210.12,21.5016516562,85.5335242232,outperform
258,2007-02-19 02:26:15,1171869975.0,aes,6.513,22.3,180.150753769,1455.54,46.1429561131,134.007797656,outperform
259,2007-04-11 05:09:29,1176282569.0,aes,6.513,22.42,181.658291457,1438.87,44.46921092,137.189080537,outperform
260,2008-01-23 21:05:49,1201140349.0,aes,5.378,17.9,124.874371859,1338.6,34.4016386036,90.4727332557,outperform
261,2008-04-23 21:50:03,1209001803.0,aes,5.687,17.63,121.48241206,1379.93,38.5513619888,82.9310500715,outperform
262,2011-05-23 09:17:49,1306156669.0,aes,178.11,13.02,63.567839196,1333.27,33.8664819221,29.7013572738,outperform
263,2011-07-24 02:55:42,1311490542.0,aes,178.11,12.68,59.2964824121,1343.8,34.923742683,24.372739729,outperform
264,2013-05-23 20:50:51,1369356651.0,aes,279.88,12.68,59.2964824121,1666.29,67.3032320251,-8.006749613,underperform
265,2004-02-15 08:22:54,1076851374.0,aet,0.211,77.5,0.0,1152.11,0.0,0.0,underperform
266,2004-08-03 20:44:23,1091580263.0,aet,0.193,86.6,11.7419354839,1099.69,-4.54991276875,16.2918482526,outperform
267,2004-11-30 04:45:36,1101807936.0,aet,0.178,118.21,52.5290322581,1173.82,1.88436868007,50.644663578,outperform
268,2005-02-04 06:20:07,1107516007.0,aet,0.178,130.85,68.8387096774,1189.41,3.2375380823,65.6011715951,outperform
269,2005-04-08 02:12:37,1112940757.0,aet,0.177,76.32,-1.52258064516,1181.39,2.54142399597,-4.06400464113,underperform
270,2005-09-23 17:26:49,1127510809.0,aet,0.17,82.71,6.72258064516,1221.34,6.00897483747,0.713605807689,outperform
271,2006-01-11 03:31:09,1136968269.0,aet,0.172,92.65,19.5483870968,1294.18,12.3312878111,7.21709928571,outperform
272,2007-01-25 23:46:33,1169786793.0,aet,0.253,41.1,-46.9677419355,1422.95,23.5081719627,-70.4759138982,underperform
273,2007-02-20 08:05:18,1171976718.0,aet,0.253,45.61,-41.1483870968,1459.68,26.6962356025,-67.8446226993,underperform
274,2007-04-06 18:34:03,1175898843.0,aet,0.272,45.0,-41.935483871,1437.77,24.7945074689,-66.7299913399,underperform
275,2008-01-23 22:12:23,1201144343.0,aet,0.31,54.11,-30.1806451613,1338.6,16.1868224388,-46.3674676001,underperform
276,2008-02-22 22:13:00,1203736380.0,aet,0.31,50.13,-35.3161290323,1348.78,17.0704186232,-52.3865476555,underperform
277,2008-11-01 10:58:06,1225551486.0,aet,0.389,24.87,-67.9096774194,930.09,-19.2707293574,-48.6389480619,underperform
278,2012-12-19 21:05:07,1355969107.0,aet,43.0,24.87,-67.9096774194,1435.81,24.6243848244,-92.5340622437,underperform
279,2013-06-05 05:12:09,1370423529.0,aet,63.37,24.87,-67.9096774194,1608.9,39.6481238771,-107.557801296,underperform
280,2003-10-03 17:29:50,1065216590.0,afl,0.173,33.43,0.0,995.97,0.0,0.0,underperform
281,2003-12-07 12:26:30,1070817990.0,afl,0.206,35.47,6.10230332037,1069.72,7.40484151129,-1.30253819092,underperform
282,2004-06-27 21:50:24,1088387424.0,afl,0.203,40.4,20.8495363446,1140.65,14.5265419641,6.32299438049,outperform
283,2004-08-29 05:10:22,1093770622.0,afl,0.226,39.99,19.6230930302,1105.09,10.9561532978,8.66693973242,outperform
284,2005-01-25 00:35:34,1106631334.0,afl,0.189,39.58,18.3966497158,1168.41,17.3137745113,1.08287520454,outperform
285,2005-03-17 18:20:48,1111101648.0,afl,0.189,38.22,14.3284475022,1206.83,21.1713204213,-6.84287291905,underperform
286,2005-04-06 19:09:19,1112828959.0,afl,0.189,37.0,10.6790308106,1184.07,18.8861110274,-8.20708021679,underperform
287,2005-08-28 22:41:53,1125283313.0,afl,0.162,43.93,31.408914149,1212.37,21.7275620752,9.68135207381,outperform
288,2006-05-28 02:32:55,1148797975.0,afl,0.185,46.78,39.9341908465,1272.88,27.8030462765,12.1311445701,outperform
289,2007-02-20 18:32:53,1172014373.0,afl,0.171,48.45,44.9297038588,1459.68,46.5586312841,-1.62892742527,underperform
290,2007-04-08 10:16:28,1176041788.0,afl,0.171,47.92,43.3443015256,1443.76,44.9601895639,-1.61588803837,underperform
291,2008-01-23 12:52:38,1201110758.0,afl,0.172,61.31,83.3981453784,1338.6,34.4016386036,48.9965067748,outperform
292,2009-01-29 12:02:15,1233248535.0,afl,0.241,25.06,-25.0373915645,836.57,-16.0044981275,-9.03289343701,underperform
293,2011-12-30 09:10:57,1325254257.0,afl,33.03,43.27,29.4346395453,1265.43,27.0550317781,2.37960776725,outperform
294,2012-07-17 03:10:14,1342509014.0,afl,30.49,43.27,29.4346395453,1363.67,36.9187826943,-7.48414314894,underperform
295,2013-05-07 11:42:45,1367941365.0,afl,27.57,43.27,29.4346395453,1625.96,63.2539132705,-33.8192737252,underperform
296,2003-11-17 22:46:03,1069127163.0,agn,0.739,76.65,0.0,1050.35,0.0,0.0,underperform
297,2004-06-19 14:49:29,1087670969.0,agn,0.695,91.42,19.2694063927,1133.56,7.9221211977,11.347285195,outperform
298,2004-08-10 02:33:38,1092119618.0,agn,0.637,69.32,-9.56294846706,1079.04,2.73147046223,-12.2944189293,underperform
299,2004-11-02 14:09:49,1099422589.0,agn,0.637,72.5,-5.41422048271,1130.56,7.63650211834,-13.0507226011,underperform
300,2005-03-10 01:40:57,1110436857.0,agn,0.522,75.47,-1.53946510111,1225.31,16.657304708,-18.1967698091,underperform
301,2005-04-04 23:20:33,1112671233.0,agn,0.522,69.07,-9.88910632746,1172.92,11.6694435188,-21.5585498463,underperform
302,2005-08-29 12:42:47,1125333767.0,agn,0.51,92.83,21.1089367254,1205.1,14.7331841767,6.37575254867,outperform
303,2006-06-21 09:29:01,1150896541.0,agn,0.47,104.14,35.8643183301,1252.2,19.2174037226,16.6469146075,outperform
304,2007-02-20 16:30:00,1172007000.0,agn,0.544,113.32,47.8408349641,1459.68,38.9708192507,8.8700157134,outperform
305,2007-04-06 22:28:10,1175912890.0,agn,0.544,113.52,48.1017612524,1437.77,36.8848479078,11.2169133446,outperform
306,2008-01-23 23:06:53,1201147613.0,agn,0.449,65.01,-15.1859099804,1338.6,27.443233208,-42.6291431884,underperform
307,2008-02-16 18:44:49,1203205489.0,agn,0.436,63.89,-16.647097195,1367.21,30.1670871614,-46.8141843565,underperform
308,2008-05-17 08:24:31,1211027071.0,agn,0.429,54.11,-29.4063926941,1408.66,34.1133907745,-63.5197834686,underperform
309,2012-08-11 08:06:33,1344686793.0,agn,28.52,54.11,-29.4063926941,1402.22,33.5002618175,-62.9066545116,underperform
310,2012-08-22 22:58:41,1345690721.0,agn,28.52,54.11,-29.4063926941,1413.49,34.5732374923,-63.9796301863,underperform
311,2013-04-22 02:49:52,1366613392.0,agn,26.63,54.11,-29.4063926941,1555.25,48.0696910554,-77.4760837494,underperform
312,2013-05-12 05:08:18,1368349698.0,agn,40.37,54.11,-29.4063926941,1626.67,54.8693292712,-84.2757219653,underperform
313,2004-02-15 09:40:39,1076856039.0,aig,1.15,74.72,0.0,1152.11,0.0,0.0,underperform
314,2004-08-18 11:50:54,1092844254.0,aig,1.173,68.32,-8.56531049251,1095.17,-4.9422364184,-3.62307407411,underperform
315,2005-01-18 04:07:03,1106039223.0,aig,1.162,66.14,-11.482869379,1195.98,3.80779613058,-15.2906655096,underperform
316,2005-04-28 12:07:20,1114704440.0,aig,1.162,51.85,-30.6076017131,1162.1,0.867104703544,-31.4747064166,underperform
317,2006-01-07 18:38:22,1136677102.0,aig,1.294,70.11,-6.16970021413,1273.46,10.5328484259,-16.7025486401,underperform
318,2006-06-17 17:06:59,1150578419.0,aig,1.384,59.87,-19.8741970021,1230.04,6.76411106578,-26.6383080679,underperform
319,2007-03-15 06:01:57,1173952917.0,aig,1.687,67.0,-10.3319057816,1406.6,22.0890366371,-32.4209424187,underperform
320,2007-05-04 05:36:10,1178271370.0,aig,1.687,70.65,-5.44700214133,1486.3,29.0067788666,-34.4537810079,underperform
321,2007-06-05 04:27:22,1181032042.0,aig,1.614,72.55,-2.90417558887,1530.95,32.8822768659,-35.7864524548,underperform
322,2007-07-06 07:35:21,1183721721.0,aig,1.614,70.27,-5.95556745182,1524.87,32.3545494788,-38.3101169306,underperform
323,2008-01-23 16:02:26,1201122146.0,aig,1.918,52.07,-30.3131691649,1338.6,16.1868224388,-46.4999916037,underperform
324,2008-05-23 12:57:40,1211561860.0,aig,2.282,37.81,-49.397751606,1413.4,22.679258057,-72.077009663,underperform
325,2008-09-21 02:42:52,1221979372.0,aig,2.411,3.85,-94.8474304069,1206.51,4.72177135864,-99.5692017655,underperform
326,2008-10-27 11:48:40,1225122520.0,aig,2.411,1.7,-97.7248394004,876.77,-23.898759667,-73.8260797334,underperform
327,2008-12-17 11:42:57,1229532177.0,aig,3.273,1.8,-97.591006424,904.42,-21.4988152173,-76.0921912067,underperform
328,2008-12-19 05:47:27,1229683647.0,aig,3.273,1.67,-97.7649892934,913.18,-20.7384711529,-77.0265181404,underperform
329,2009-01-06 14:34:51,1231270491.0,aig,3.273,1.66,-97.778372591,934.7,-18.8705939537,-78.9077786373,underperform
330,2011-04-29 00:43:45,1304052225.0,aig,95.52,31.8,-57.4411134904,1347.24,16.9367508311,-74.3778643214,underperform
331,2011-09-02 15:22:28,1314991348.0,aig,85.55,24.08,-67.7730192719,1212.92,5.27814184409,-73.051161116,underperform
332,2011-11-03 02:27:12,1320301632.0,aig,76.86,24.19,-67.6258029979,1253.3,8.78301551067,-76.4088185085,underperform
333,2011-11-04 17:31:20,1320442280.0,aig,76.86,23.75,-68.2146680942,1218.28,5.74337519855,-73.9580432928,underperform
334,2012-01-02 19:39:36,1325551176.0,aig,81.27,23.2,-68.9507494647,1257.6,9.15624376145,-78.1069932261,underperform
335,2012-03-10 07:53:56,1331384036.0,aig,66.35,23.2,-68.9507494647,1352.63,17.4045881036,-86.3553375682,underperform
336,2012-07-01 20:48:59,1341190139.0,aig,74.18,23.2,-68.9507494647,1329.04,15.3570405604,-84.307790025,underperform
337,2012-07-13 10:02:58,1342188178.0,aig,74.18,23.2,-68.9507494647,1341.47,16.4359305969,-85.3866800616,underperform
338,2012-11-12 11:30:45,1352737845.0,aig,71.9,23.2,-68.9507494647,1379.85,19.7672097282,-88.7179591929,underperform
339,2013-01-30 10:56:28,1359561388.0,aig,71.9,23.2,-68.9507494647,1501.96,30.3660240776,-99.3167735422,underperform
340,2013-04-22 02:32:25,1366612345.0,aig,48.99,23.2,-68.9507494647,1555.25,34.9914504691,-103.942199934,underperform
341,2013-05-11 13:26:32,1368293192.0,aig,45.01,23.2,-68.9507494647,1632.69,41.7130308738,-110.663780338,underperform
342,2003-10-26 17:46:24,1067208384.0,aiv,2.028,40.65,0.0,1033.77,0.0,0.0,underperform
343,2004-01-18 06:24:52,1074425092.0,aiv,2.14,33.95,-16.4821648216,1132.05,9.50695028875,-25.9891151104,underperform
344,2004-05-22 07:48:23,1085226503.0,aiv,2.092,28.39,-30.159901599,1088.68,5.31162637724,-35.4715279763,underperform
345,2004-11-30 01:33:49,1101796429.0,aiv,2.024,36.36,-10.5535055351,1173.82,13.5475008948,-24.1010064298,underperform
346,2005-01-09 17:04:30,1105308270.0,aiv,2.024,35.96,-11.5375153752,1187.89,14.9085386498,-26.446054025,underperform
347,2005-02-16 03:30:49,1108542649.0,aiv,1.986,38.05,-6.39606396064,1210.34,17.0802015922,-23.4762655529,underperform
348,2005-03-08 22:29:05,1110338945.0,aiv,1.986,38.95,-4.18204182042,1219.43,17.959507434,-22.1415492544,underperform
349,2005-04-11 18:19:40,1113257980.0,aiv,1.986,36.65,-9.84009840098,1181.2,14.2613927663,-24.1014911673,underperform
350,2005-09-05 18:49:31,1125960571.0,aiv,2.265,39.96,-1.69741697417,1218.02,17.8231134585,-19.5205304327,underperform
351,2007-01-17 16:51:48,1169070708.0,aiv,2.86,59.81,47.1340713407,1430.62,38.3886164234,8.74545491733,outperform
352,2007-02-20 06:12:22,1171969942.0,aiv,2.934,61.6,51.5375153752,1459.68,41.1996865841,10.3378287911,outperform
353,2008-01-08 07:10:49,1199794249.0,aiv,3.619,32.5,-20.049200492,1390.19,34.4776884607,-54.5268889527,underperform
354,2008-01-23 19:31:02,1201134662.0,aiv,3.619,38.0,-6.51906519065,1338.6,29.4872166923,-36.006281883,underperform
355,2013-04-22 08:22:07,1366633327.0,aiv,380.3,38.0,-6.51906519065,1555.25,50.4444895867,-56.9635547773,underperform
356,2013-05-14 20:29:12,1368577752.0,aiv,397.17,38.0,-6.51906519065,1650.34,59.6428605976,-66.1619257883,underperform
357,2005-01-31 23:37:39,1107232659.0,aiz,0.271,32.53,0.0,1171.36,0.0,0.0,underperform
358,2005-02-16 10:35:03,1108568103.0,aiz,0.271,33.78,3.84260682447,1210.34,3.32775577107,0.5148510534,outperform
359,2005-12-25 21:45:53,1135565153.0,aiz,0.263,43.21,32.8312327083,1268.12,8.2604835405,24.5707491678,outperform
360,2006-05-23 20:17:02,1148429822.0,aiz,0.264,48.87,50.2305564095,1256.58,7.27530392023,42.9552524892,outperform
361,2006-11-08 14:58:09,1163015889.0,aiz,0.257,54.74,68.2754380572,1385.72,18.3000956154,49.9753424418,outperform
362,2007-04-13 11:17:08,1176477428.0,aiz,0.252,55.85,71.6876729173,1448.39,23.6502868461,48.0373860712,outperform
363,2007-11-04 02:11:09,1194160269.0,aiz,0.253,64.58,98.5244389794,1508.44,28.7768064472,69.7476325322,outperform
364,2008-01-23 20:26:27,1201137987.0,aiz,0.246,65.85,102.428527513,1338.6,14.2774211173,88.1511063957,outperform
365,2008-01-29 03:01:48,1201593708.0,aiz,0.246,64.3,97.6636950507,1362.3,16.3007102855,81.3629847652,outperform
366,2011-05-08 22:34:13,1304908453.0,aiz,20.48,38.8,19.2745158315,1335.1,13.9786231389,5.29589269262,outperform
367,2011-07-31 11:16:28,1312125388.0,aiz,19.94,35.62,9.49892407009,1300.67,11.0393047398,-1.5403806697,underperform
368,2013-04-22 18:49:03,1366670943.0,aiz,20.58,35.62,9.49892407009,1555.25,32.7730159814,-23.2740919113,underperform
369,2013-05-07 11:26:28,1367940388.0,aiz,32.09,35.62,9.49892407009,1625.96,38.809588854,-29.3106647839,underperform
370,2006-06-29 20:45:30,1151628330.0,akam,0.305,35.85,0.0,1250.56,0.0,0.0,underperform
371,2006-11-30 09:22:43,1164896563.0,akam,0.27,48.6,35.5648535565,1381.9,10.5024948823,25.0623586742,outperform
372,2007-01-13 14:46:03,1168717563.0,akam,0.27,54.64,52.4128312413,1414.85,13.1373144831,39.2755167582,outperform
373,2007-02-11 18:36:34,1171236994.0,akam,0.209,56.16,56.6527196653,1448.31,15.8129158137,40.8398038516,outperform
374,2007-02-19 17:28:06,1171924086.0,akam,0.209,55.99,56.1785216179,1455.54,16.3910568066,39.7874648113,outperform
375,2007-03-08 17:09:23,1173391763.0,akam,0.209,50.37,40.5020920502,1374.12,9.88037359263,30.6217184576,outperform
376,2007-03-16 16:26:34,1174076794.0,akam,0.209,50.97,42.1757322176,1377.95,10.1866363869,31.9890958307,outperform
377,2007-04-04 23:17:57,1175743077.0,akam,0.209,51.17,42.7336122734,1439.37,15.0980360798,27.6355761935,outperform
378,2007-04-28 07:15:54,1177758954.0,akam,0.209,44.8,24.9651324965,1495.42,19.5800281474,5.38510434912,outperform
379,2007-04-29 10:14:03,1177856043.0,akam,0.172,44.8,24.9651324965,1494.25,19.4864700614,5.4786624351,outperform
380,2007-04-30 10:46:44,1177944404.0,akam,0.27,44.8,24.9651324965,1494.07,19.4720765097,5.49305598679,outperform
381,2007-05-01 11:19:59,1178032799.0,akam,0.172,44.08,22.9567642957,1486.3,18.8507548618,4.10600943385,outperform
382,2007-06-01 00:57:17,1180673837.0,akam,0.172,44.21,23.3193863319,1518.11,21.3944153019,1.92497102999,outperform
383,2007-07-02 18:05:36,1183413936.0,akam,0.172,48.2,34.4490934449,1503.35,20.2141440635,14.2349493814,outperform
384,2007-10-11 04:29:16,1192091356.0,akam,0.163,37.13,3.57043235704,1552.58,24.1507804504,-20.5803480933,underperform
385,2007-12-13 22:43:51,1197603831.0,akam,0.157,35.54,-0.864714086471,1515.96,21.2224923234,-22.0872064099,underperform
386,2008-01-23 20:39:10,1201138750.0,akam,0.157,27.59,-23.040446304,1338.6,7.04004605937,-30.0804923634,underperform
387,2008-11-02 19:38:10,1225672690.0,akam,0.133,14.38,-59.8884239888,954.09,-23.7069792733,-36.1814447156,underperform
388,2008-12-19 20:41:49,1229737309.0,akam,0.133,15.63,-56.4016736402,913.18,-26.9783137155,-29.4233599247,underperform
389,2009-02-07 12:52:24,1234029144.0,akam,0.133,17.41,-51.4365411437,832.23,-33.4514137666,-17.985127377,underperform
390,2004-09-24 23:35:21,1096083321.0,all,0.235,48.25,0.0,1129.3,0.0,0.0,underperform
391,2005-01-30 21:16:48,1107137808.0,all,0.257,49.67,2.94300518135,1174.55,4.0069069335,-1.06390175215,underperform
392,2005-02-04 03:29:23,1107505763.0,all,0.244,50.93,5.55440414508,1189.41,5.32276631542,0.231637829661,outperform
393,2007-01-13 10:07:07,1168700827.0,all,0.249,64.6,33.8860103627,1414.85,25.285575135,8.60043522765,outperform
394,2007-02-22 20:38:57,1172194737.0,all,0.213,61.89,28.2694300518,1456.38,28.9630744709,-0.693644419098,underperform
395,2007-04-10 15:14:21,1176232461.0,all,0.217,60.57,25.5336787565,1448.39,28.2555565394,-2.72187778297,underperform
396,2008-01-23 23:24:46,1201148686.0,all,0.261,51.3,6.32124352332,1338.6,18.533604888,-12.2123613647,underperform
397,2011-05-05 15:24:18,1304623458.0,all,30.87,33.65,-30.2590673575,1361.22,20.5366156026,-50.7956829601,underperform
398,2011-07-14 00:16:09,1310616969.0,all,30.87,29.87,-38.0932642487,1319.49,16.8414061808,-54.9346704295,underperform
399,2011-09-12 04:48:27,1315817307.0,all,31.43,24.81,-48.5803108808,1154.23,2.20756220668,-50.7878730875,underperform
400,2011-10-28 00:34:15,1319776455.0,all,31.43,27.71,-42.5699481865,1229.05,8.83290533959,-51.4028535261,underperform
401,2012-03-11 04:48:46,1331455726.0,all,33.86,27.71,-42.5699481865,1365.91,20.9519171168,-63.5218653033,underperform
402,2012-08-20 11:29:53,1345476593.0,all,31.11,27.71,-42.5699481865,1418.16,25.5786770566,-68.1486252431,underperform
403,2013-04-23 04:40:20,1366706420.0,all,33.24,27.71,-42.5699481865,1578.78,39.801647038,-82.3715952245,underperform
404,2013-05-09 08:24:15,1368102255.0,all,31.8,27.71,-42.5699481865,1617.5,43.2303196671,-85.8002678536,underperform
405,2004-06-22 11:22:40,1087917760.0,altr,0.0,20.1,0.0,1134.41,0.0,0.0,underperform
406,2004-09-17 01:25:17,1095398717.0,altr,0.0,19.5,-2.98507462687,1128.33,-0.535961424882,-2.44911320198,underperform
407,2004-10-13 13:42:20,1097689340.0,altr,0.0,19.79,-1.54228855721,1113.65,-1.83002618101,0.287737623796,outperform
408,2004-12-09 07:30:24,1102595424.0,altr,0.0,22.2,10.447761194,1190.25,4.9223825601,5.52537863393,outperform
409,2005-02-04 08:02:17,1107522137.0,altr,0.0,18.87,-6.11940298507,1189.41,4.84833525798,-10.9677382431,underperform
410,2005-05-02 10:15:47,1115043347.0,altr,0.0,20.73,3.13432835821,1156.85,1.97812078525,1.15620757295,outperform
411,2005-08-29 00:15:53,1125288953.0,altr,0.0,21.35,6.21890547264,1205.1,6.23143307975,-0.0125276071139,underperform
412,2005-09-07 14:23:43,1126117423.0,altr,0.0,20.08,-0.0995024875622,1236.36,8.98705053728,-9.08655302485,underperform
413,2007-02-25 00:37:19,1172381839.0,altr,0.001,22.05,9.70149253731,1456.38,28.3821546002,-18.6806620629,underperform
414,2008-01-23 22:56:39,1201146999.0,altr,0.001,18.24,-9.25373134328,1338.6,17.9996650241,-27.2533963674,underperform
415,2008-02-20 18:30:55,1203550255.0,altr,0.29,17.2,-14.4278606965,1360.03,19.8887527437,-34.3166134402,underperform
416,2008-12-12 00:13:54,1229058834.0,altr,0.584,14.63,-27.2139303483,888.67,-21.6623619326,-5.55156841562,underperform
417,2008-12-22 17:49:20,1229986160.0,altr,0.584,16.02,-20.2985074627,887.88,-21.7320016572,1.43349419456,outperform
418,2011-10-23 05:27:00,1319362020.0,altr,17.5,37.05,84.328358209,1215.39,7.13851253074,77.1898456782,outperform
419,2012-03-09 05:22:40,1331288560.0,altr,16.7,37.05,84.328358209,1343.36,18.4192664028,65.9090918062,outperform
420,2013-02-06 17:54:59,1360191299.0,altr,15.0,37.05,84.328358209,1512.12,33.2957220053,51.0326362037,outperform
421,2013-06-02 09:56:44,1370181404.0,altr,14.49,37.05,84.328358209,1654.41,45.8388060754,38.4895521336,outperform
422,2005-01-24 03:45:23,1106556323.0,alxn,0.779,23.34,0.0,1167.87,0.0,0.0,underperform
423,2005-03-06 15:19:04,1110140344.0,alxn,0.779,21.1,-9.59725792631,1210.47,3.64766626422,-13.2449241905,underperform
424,2011-07-22 14:48:30,1311360510.0,alxn,7.24,57.13,144.772922022,1326.73,13.6025413787,131.170380644,outperform
425,2011-09-28 11:28:44,1317223724.0,alxn,0.22,66.99,187.017994859,1151.06,-1.4393725329,188.457367392,outperform
426,2012-11-07 01:50:15,1352271015.0,alxn,8.6,66.99,187.017994859,1394.53,19.4079820528,167.610012806,outperform
427,2013-02-06 13:28:04,1360175284.0,alxn,8.6,66.99,187.017994859,1512.12,29.4767397056,157.541255153,outperform
428,2013-05-16 20:58:25,1368752305.0,alxn,7.13,66.99,187.017994859,1633.77,39.8931387911,147.124856067,outperform
429,2004-04-23 20:12:59,1082765579.0,amat,0.068,19.97,0.0,1118.15,0.0,0.0,underperform
430,2004-06-20 10:05:12,1087740312.0,amat,0.065,18.14,-9.16374561843,1132.05,1.24312480436,-10.4068704228,underperform
431,2004-09-16 23:22:07,1095391327.0,amat,0.061,16.78,-15.9739609414,1125.82,0.685954478379,-16.6599154198,underperform
432,2004-10-18 20:51:33,1098147093.0,amat,0.061,15.86,-20.580871307,1108.2,-0.889862719671,-19.6910085873,underperform
433,2004-12-09 07:35:16,1102595716.0,amat,0.049,17.27,-13.5202804206,1190.25,6.44815096365,-19.9684313843,underperform
434,2006-07-22 02:40:25,1153550425.0,amat,0.048,14.76,-26.0891337006,1259.81,12.6691409918,-38.7582746924,underperform
435,2006-08-15 23:19:02,1155698342.0,amat,0.048,15.69,-21.4321482223,1285.58,14.973840719,-36.4059889414,underperform
436,2006-08-16 08:26:44,1155731204.0,amat,0.048,15.69,-21.4321482223,1295.43,15.8547600948,-37.2869083171,underperform
437,2006-08-29 06:26:38,1156847198.0,amat,0.047,16.33,-18.2273410115,1304.28,16.6462460314,-34.8735870429,underperform
438,2007-01-11 13:05:56,1168538756.0,amat,0.061,19.54,-2.15322984477,1412.84,26.3551401869,-28.5083700317,underperform
439,2007-03-28 08:57:09,1175086629.0,amat,0.058,18.84,-5.6584877316,1417.23,26.7477529848,-32.4062407164,underperform
440,2007-03-29 14:18:22,1175192302.0,amat,0.058,18.65,-6.60991487231,1437.5,28.5605687967,-35.170483669,underperform
441,2007-04-06 22:28:30,1175912910.0,amat,0.058,18.68,-6.4596895343,1437.77,28.5847158252,-35.0444053595,underperform
442,2007-06-08 15:37:58,1181331478.0,amat,0.058,18.64,-6.65998998498,1530.95,36.9181236864,-43.5781136714,underperform
443,2008-01-23 23:08:48,1201147728.0,amat,0.026,18.1,-9.3640460691,1338.6,19.7156016635,-29.0796477326,underperform
444,2008-04-13 01:08:31,1208063311.0,amat,0.028,19.11,-4.30645968953,1360.55,21.6786656531,-25.9851253426,underperform
445,2008-12-17 23:59:04,1229576344.0,amat,0.027,10.67,-46.5698547822,904.42,-19.1146089523,-27.4552458299,underperform
446,2009-02-02 17:33:19,1233613999.0,amat,0.027,9.25,-53.6805207812,825.88,-26.1387112641,-27.541809517,underperform
447,2011-09-25 19:13:07,1316992387.0,amat,22.77,10.59,-46.9704556835,1129.56,1.02043554085,-47.9908912244,underperform
448,2012-09-18 07:09:26,1347966566.0,amat,23.34,10.59,-46.9704556835,1459.32,30.5120064392,-77.4824621227,underperform
449,2012-10-17 10:51:48,1350485508.0,amat,23.34,10.59,-46.9704556835,1460.91,30.6542056075,-77.624661291,underperform
450,2013-02-06 14:04:58,1360177498.0,amat,26.9,10.59,-46.9704556835,1512.12,35.234092027,-82.2045477105,underperform
451,2013-04-25 00:13:15,1366863195.0,amat,27.25,10.59,-46.9704556835,1562.5,39.739748692,-86.7102043756,underperform
452,2013-04-26 00:41:19,1366951279.0,amat,27.25,10.59,-46.9704556835,1578.78,41.1957250816,-88.1661807651,underperform
453,2003-10-02 17:03:24,1065128604.0,amd,0.729,11.7,0.0,1006.58,0.0,0.0,underperform
454,2003-12-15 23:11:56,1071547916.0,amd,0.912,14.73,25.8974358974,1074.14,6.71183611834,19.1855997791,outperform
455,2004-07-16 05:32:42,1089970362.0,amd,0.838,12.97,10.8547008547,1115.14,10.7850344732,0.0696663815343,outperform
456,2004-08-10 02:49:35,1092120575.0,amd,0.792,11.17,-4.52991452991,1079.04,7.19863299489,-11.7285475248,underperform
457,2004-10-10 11:13:17,1097421197.0,amd,0.792,13.5,15.3846153846,1130.65,12.3258956069,3.05871977771,outperform
458,2004-12-04 15:02:59,1102190579.0,amd,0.795,23.22,98.4615384615,1191.37,18.3582030241,80.1033354374,outperform
459,2005-02-07 01:53:06,1107759186.0,amd,0.618,17.49,49.4871794872,1203.03,19.5165808977,29.9705985895,outperform
460,2006-06-17 18:31:57,1150583517.0,amd,0.14,25.64,119.145299145,1230.04,22.1999244968,96.9453746485,outperform
461,2007-01-13 14:36:14,1168716974.0,amd,0.138,18.26,56.0683760684,1414.85,40.5601144469,15.5082616214,outperform
462,2007-02-08 01:50:51,1170917451.0,amd,0.656,15.5,32.4786324786,1446.99,43.7531045719,-11.2744720933,underperform
463,2007-02-17 21:38:18,1171766298.0,amd,0.656,14.94,27.6923076923,1455.3,44.578672336,-16.8863646437,underperform
464,2007-02-27 20:49:21,1172627361.0,amd,0.656,15.07,28.8034188034,1399.04,38.9894494228,-10.1860306194,underperform
465,2007-03-08 16:45:11,1173390311.0,amd,0.656,13.99,19.5726495726,1374.12,36.5137395935,-16.9410900208,underperform
466,2007-03-16 16:25:13,1174076713.0,amd,0.656,14.04,20.0,1377.95,36.8942359276,-16.8942359276,underperform
467,2007-03-25 01:56:34,1174802194.0,amd,0.656,13.5,15.3846153846,1434.54,42.5162431203,-27.1316277357,underperform
468,2007-04-09 01:09:41,1176095381.0,amd,0.656,12.86,9.91452991453,1444.61,43.5166603747,-33.6021304602,underperform
469,2007-05-16 18:05:35,1179353135.0,amd,0.738,15.48,32.3076923077,1514.14,50.4242087067,-18.116516399,underperform
470,2007-05-17 03:47:24,1179388044.0,amd,0.738,15.58,33.1623931624,1503.15,49.332392855,-16.1699996926,underperform
471,2007-05-27 21:42:39,1180316559.0,amd,0.738,14.76,26.1538461538,1507.51,49.7655427288,-23.611696575,underperform
472,2007-06-23 08:26:26,1182601586.0,amd,0.738,14.57,24.5299145299,1512.84,50.295058515,-25.7651439851,underperform
473,2007-10-11 05:26:40,1192094800.0,amd,1.238,14.02,19.8290598291,1552.58,54.2430805301,-34.4140207011,underperform
474,2008-01-23 21:45:08,1201142708.0,amd,1.762,7.56,-35.3846153846,1338.6,32.98495897,-68.3695743546,underperform
475,2008-11-01 22:56:46,1225594606.0,amd,3.698,3.5,-70.0854700855,930.09,-7.59899858928,-62.4864714962,underperform
476,2008-12-18 00:42:43,1229578963.0,amd,3.909,2.29,-80.4273504274,868.57,-13.7107830475,-66.7165673798,underperform
477,2009-01-21 12:51:33,1232560293.0,amd,3.909,2.0,-82.905982906,840.24,-16.5252637644,-66.3807191416,underperform
478,2011-09-25 19:48:58,1316994538.0,amd,134.0,6.17,-47.264957265,1129.56,12.2176081384,-59.4825654034,underperform
479,2011-11-28 04:02:52,1322470972.0,amd,118.12,4.99,-57.3504273504,1158.67,15.1095789704,-72.4600063208,underperform
480,2011-12-28 23:41:31,1325133691.0,amd,118.12,5.28,-54.8717948718,1249.64,24.147112003,-79.0189068748,underperform
481,2012-03-29 02:30:32,1333002632.0,amd,126.79,5.28,-54.8717948718,1416.51,40.7250293072,-95.596824179,underperform
482,2012-08-15 11:02:12,1345042932.0,amd,180.93,5.28,-54.8717948718,1405.53,39.6342069185,-94.5060017903,underperform
483,2012-10-15 09:41:26,1350308486.0,amd,180.93,5.28,-54.8717948718,1428.59,41.9251326273,-96.7969274991,underperform
484,2012-11-14 06:49:06,1352893746.0,amd,206.27,5.28,-54.8717948718,1355.49,34.6629179996,-89.5347128714,underperform
485,2012-11-18 19:25:34,1353284734.0,amd,206.27,5.28,-54.8717948718,1353.33,34.4483299887,-89.3201248605,underperform
486,2013-01-21 13:19:18,1358792358.0,amd,206.27,5.28,-54.8717948718,1485.98,47.6266168611,-102.498411733,underperform
487,2013-04-22 02:43:35,1366613015.0,amd,492.53,5.28,-54.8717948718,1555.25,54.5083351547,-109.380130026,underperform
488,2013-05-11 20:14:11,1368317651.0,amd,492.53,5.28,-54.8717948718,1632.69,62.2017127302,-117.073507602,underperform
489,2003-10-02 16:37:55,1065127075.0,amgn,0.163,65.88,0.0,1006.58,0.0,0.0,underperform
490,2004-04-27 13:52:18,1083088338.0,amgn,0.159,59.62,-9.5021250759,1138.11,13.0670190149,-22.5691440908,underperform
491,2004-06-20 03:00:06,1087714806.0,amgn,0.158,53.48,-18.8221007893,1132.05,12.4649804288,-31.2870812181,underperform
492,2004-10-15 12:11:48,1097856708.0,amgn,0.159,54.0,-18.0327868852,1121.84,11.4506546921,-29.4834415774,underperform
493,2005-02-07 02:29:15,1107761355.0,amgn,0.259,62.75,-4.75106253795,1203.03,19.5165808977,-24.2676434356,underperform
494,2005-03-25 04:19:49,1111742389.0,amgn,0.259,58.98,-10.4735883424,1171.71,16.4050547398,-26.8786430823,underperform
495,2005-04-03 20:54:40,1112576080.0,amgn,0.259,57.35,-12.9477838494,1180.59,17.2872498957,-30.2350337451,underperform
496,2007-01-13 04:30:28,1168680628.0,amgn,0.508,73.27,11.2173649059,1414.85,40.5601144469,-29.342749541,underperform
497,2007-02-20 01:06:31,1171951591.0,amgn,0.475,66.73,1.29022465088,1459.68,45.0138091359,-43.723584485,underperform
498,2007-04-10 04:13:19,1176192799.0,amgn,0.475,57.19,-13.1906496661,1448.39,43.8921893938,-57.0828390598,underperform
499,2007-04-27 09:07:53,1177679273.0,amgn,0.475,62.551,-5.05312689739,1480.41,47.0732579626,-52.12638486,underperform
500,2007-05-27 15:33:54,1180294434.0,amgn,0.371,54.55,-17.1979356406,1507.51,49.7655427288,-66.9634783694,underperform
501,2007-06-29 14:24:56,1183141496.0,amgn,0.371,55.773,-15.3415300546,1492.89,48.3130998033,-63.6546298579,underperform
502,2008-01-03 05:51:44,1199357504.0,amgn,0.669,46.6,-29.2653309047,1468.36,45.8761350315,-75.1414659362,underperform
503,2008-01-23 20:49:44,1201139384.0,amgn,0.669,45.32,-31.2082574378,1338.6,32.98495897,-64.1932164077,underperform
504,2008-12-02 19:44:38,1228265078.0,amgn,0.564,53.76,-18.3970856102,848.81,-15.673865962,-2.72321964823,underperform
505,2008-12-20 23:25:31,1229833531.0,amgn,0.564,57.83,-12.2191863995,904.42,-10.1492181446,-2.06996825491,underperform
506,2011-09-02 18:17:06,1315001826.0,amgn,54.38,54.69,-16.985428051,1212.92,20.4991158179,-37.4845438689,underperform
507,2011-11-03 07:54:04,1320321244.0,amgn,60.57,54.8,-16.8184578021,1253.3,24.5107194659,-41.329177268,underperform
508,2012-01-03 15:47:25,1325623645.0,amgn,60.57,64.66,-1.85185185185,1277.06,26.8711875857,-28.7230394375,underperform
509,2012-06-10 01:02:37,1339304557.0,amgn,113.43,64.66,-1.85185185185,1314.99,30.6393927954,-32.4912446473,underperform
510,2013-02-06 15:47:07,1360183627.0,amgn,139.19,64.66,-1.85185185185,1512.12,50.223529178,-52.0753810299,underperform
511,2013-04-25 00:13:31,1366863211.0,amgn,139.19,64.66,-1.85185185185,1562.5,55.2285958394,-57.0804476912,underperform
512,2013-05-21 08:37:22,1369139842.0,amgn,122.58,64.66,-1.85185185185,1669.16,65.82487234,-67.6767241919,underperform
513,2006-05-24 20:47:07,1148518027.0,amp,0.262,43.97,0.0,1258.57,0.0,0.0,underperform
514,2007-02-20 18:33:04,1172014384.0,amp,0.291,62.86,42.9611098476,1459.68,15.9792462875,26.9818635602,outperform
515,2007-04-15 23:02:26,1176692546.0,amp,0.291,59.8,36.0018194223,1447.8,15.0353178607,20.9665015616,outperform
516,2007-06-16 01:26:06,1181971566.0,amp,0.288,66.07,50.2615419604,1515.67,20.4279460022,29.8335959582,outperform
517,2008-01-23 23:11:56,1201147916.0,amp,0.283,49.98,13.6684102797,1338.6,6.35880403951,7.30960624023,outperform
518,2009-02-07 01:51:30,1233989490.0,amp,0.327,21.68,-50.6936547646,832.23,-33.87495332,-16.8187014446,underperform
519,2011-10-09 04:44:07,1318149847.0,amp,80.07,39.06,-11.1667045713,1164.97,-7.43701184678,-3.72969272452,underperform
520,2012-02-16 09:49:51,1329403791.0,amp,73.26,39.06,-11.1667045713,1351.77,7.40522974487,-18.5719343162,underperform
521,2013-04-22 01:29:35,1366608575.0,amp,96.49,39.06,-11.1667045713,1555.25,23.5727849861,-34.7394895574,underperform
522,2013-04-30 10:27:26,1367332046.0,amp,83.57,39.06,-11.1667045713,1597.57,26.9353313681,-38.1020359394,underperform
523,2003-10-26 16:14:14,1067202854.0,amt,2.086,10.62,0.0,1033.77,0.0,0.0,underperform
524,2004-08-20 21:57:58,1093053478.0,amt,1.98,14.73,38.7005649718,1081.71,4.63739516527,34.0631698065,outperform
525,2005-03-16 14:10:57,1111000257.0,amt,1.984,18.67,75.8003766478,1188.07,14.9259506467,60.8744260012,outperform
526,2005-04-05 02:16:16,1112681776.0,amt,1.984,17.92,68.7382297552,1181.39,14.2797720963,54.4584576589,outperform
527,2006-08-28 16:01:37,1156795297.0,amt,0.818,35.64,235.593220339,1295.09,25.2783501166,210.314870222,outperform
528,2007-04-13 21:19:40,1176513580.0,amt,0.808,39.54,272.316384181,1448.39,40.1075674473,232.208816733,outperform
529,2008-01-07 17:09:03,1199743743.0,amt,1.193,38.72,264.595103578,1411.63,36.551650754,228.043452824,outperform
530,2008-01-23 22:59:41,1201147181.0,amt,1.193,35.92,238.229755179,1338.6,29.4872166923,208.742538487,outperform
531,2009-01-14 19:28:37,1231979317.0,amt,1.56,28.269,166.186440678,842.62,-18.4905733384,184.677014016,outperform
532,2011-10-07 04:27:26,1317976046.0,amt,158.39,55.59,423.446327684,1123.95,8.72341042979,414.722917254,outperform
533,2011-12-29 04:09:13,1325149753.0,amt,174.2,60.07,465.630885122,1263.02,22.176112675,443.454772447,outperform
534,2012-07-06 19:09:53,1341616193.0,amt,203.24,60.07,465.630885122,1374.02,32.9135107422,432.71737438,outperform
535,2013-05-15 18:14:17,1368656057.0,amt,234.16,60.07,465.630885122,1658.78,60.459289784,405.171595338,outperform
536,2006-06-15 23:16:47,1150427807.0,amzn,3.873,34.96,0.0,1236.4,0.0,0.0,underperform
537,2006-07-05 01:58:44,1152079124.0,amzn,3.873,38.61,10.4405034325,1270.91,2.79116790683,7.64933552567,outperform
538,2006-07-06 00:02:41,1152158561.0,amzn,3.873,37.11,6.14988558352,1280.19,3.54173406665,2.60815151688,outperform
539,2006-07-18 01:57:56,1153202276.0,amzn,3.873,33.67,-3.68993135011,1236.86,0.0372047880945,-3.72713613821,underperform
540,2006-07-18 06:44:14,1153219454.0,amzn,3.873,33.67,-3.68993135011,1236.86,0.0372047880945,-3.72713613821,underperform
541,2006-07-18 12:33:57,1153240437.0,amzn,3.873,33.67,-3.68993135011,1236.86,0.0372047880945,-3.72713613821,underperform
542,2006-07-20 00:11:22,1153368682.0,amzn,3.873,34.48,-1.37299771167,1234.49,-0.154480750566,-1.2185169611,underperform
543,2006-07-21 00:48:13,1153457293.0,amzn,3.873,34.18,-2.23112128146,1236.86,0.0372047880945,-2.26832606956,underperform
544,2006-08-22 12:09:59,1156262999.0,amzn,3.457,28.13,-19.5366132723,1298.82,5.04852798447,-24.5851412568,underperform
545,2006-08-23 07:39:00,1156333140.0,amzn,3.457,28.37,-18.8501144165,1292.99,4.57699773536,-23.4271121518,underperform
546,2006-11-29 13:23:14,1164824594.0,amzn,6.633,40.92,17.0480549199,1399.48,13.1899061792,3.85814874068,outperform
547,2006-12-10 09:38:13,1165761493.0,amzn,6.633,38.46,10.0114416476,1407.29,13.8215787771,-3.8101371295,underperform
548,2006-12-15 07:54:15,1166187255.0,amzn,6.633,39.02,11.6132723112,1411.56,14.1669362666,-2.55366395537,underperform
549,2006-12-25 17:22:55,1167085375.0,amzn,6.633,40.24,15.1029748284,1410.76,14.1022322873,1.00074254109,outperform
550,2007-01-06 06:48:17,1168084097.0,amzn,6.633,38.37,9.75400457666,1416.6,14.5745713361,-4.82056675948,underperform
551,2008-01-23 23:19:22,1201148362.0,amzn,1.673,73.97,111.584668192,1338.6,8.2659333549,103.318734837,outperform
552,2008-10-27 10:05:36,1225116336.0,amzn,0.172,48.96,40.0457665904,876.77,-29.0868650922,69.1326316826,outperform
553,2008-12-18 07:28:53,1229603333.0,amzn,0.172,53.18,52.1167048055,868.57,-29.75008088,81.8667856855,outperform
554,2009-01-05 12:03:14,1231174994.0,amzn,0.172,54.36,55.4919908467,931.8,-24.6360401165,80.1280309631,outperform
555,2012-03-30 00:18:24,1333081104.0,amzn,23.33,54.36,55.4919908467,1412.52,14.2445810417,41.2474098049,outperform
556,2013-02-06 13:03:37,1360173817.0,amzn,53.53,54.36,55.4919908467,1512.12,22.3002264639,33.1917643828,outperform
557,2013-05-08 15:04:22,1368039862.0,amzn,36.05,54.36,55.4919908467,1632.69,32.0519249434,23.4400659033,outperform
558,2013-09-05 21:27:13,1378430833.0,amzn,34.83,54.36,55.4919908467,1655.08,33.8628275639,21.6291632828,outperform
559,2003-10-26 15:45:06,1067201106.0,an,0.892,17.97,0.0,1033.77,0.0,0.0,underperform
560,2004-09-17 02:01:15,1095400875.0,an,0.979,16.95,-5.67612687813,1128.33,9.14710235352,-14.8232292317,underperform
561,2005-04-05 07:47:49,1112701669.0,an,0.781,18.69,4.00667779633,1181.39,14.2797720963,-10.2730943,underperform
562,2005-05-28 13:14:24,1117300464.0,an,0.773,19.8,10.183639399,1190.01,15.1136132795,-4.92997388055,underperform
563,2007-02-20 17:59:27,1172012367.0,an,0.99,22.9,27.4346132443,1459.68,41.1996865841,-13.7650733398,underperform
564,2008-01-23 19:18:18,1201133898.0,an,1.083,14.13,-21.3689482471,1338.6,29.4872166923,-50.8561649394,underperform
565,2008-02-15 23:13:21,1203135201.0,an,1.083,15.1,-15.9710628826,1348.86,30.4797005137,-46.4507633962,underperform
566,2008-12-06 07:38:30,1228567110.0,an,1.557,9.51,-47.0784641068,870.74,-15.7704324947,-31.3080316122,underperform
567,2009-02-07 21:57:38,1234061858.0,an,1.557,11.38,-36.6722314969,832.23,-19.4956324908,-17.1765990062,underperform
568,2011-03-12 05:47:25,1299926845.0,an,154.65,33.48,86.3105175292,1320.02,27.6899116825,58.6206058467,outperform
569,2011-05-22 03:33:08,1306049588.0,an,139.76,33.09,84.1402337229,1343.6,29.9708832719,54.169350451,outperform
570,2011-06-04 10:52:17,1307199137.0,an,139.76,33.66,87.3121869783,1314.55,27.1607804444,60.1514065339,outperform
571,2011-06-22 11:44:19,1308757459.0,an,139.76,34.62,92.6544240401,1287.14,24.509320255,68.1451037851,outperform
572,2011-06-29 09:02:27,1309352547.0,an,139.76,36.42,102.671118531,1307.41,26.4701045687,76.2010139622,outperform
573,2011-08-16 15:42:33,1313523753.0,an,147.35,35.46,97.3288814691,1192.76,15.3796298983,81.9492515708,outperform
574,2011-11-16 03:49:15,1321433355.0,an,148.09,34.15,90.0389538119,1236.91,19.6504057963,70.3885480156,outperform
575,2012-02-04 14:58:28,1328385508.0,an,148.09,34.15,90.0389538119,1324.09,28.0836162783,61.9553375336,outperform
576,2012-02-11 11:18:35,1328977115.0,an,148.09,34.15,90.0389538119,1349.96,30.5861071612,59.4528466507,outperform
577,2012-07-28 07:42:49,1343475769.0,an,271.59,34.15,90.0389538119,1337.89,29.418536038,60.6204177739,outperform
578,2013-05-14 09:51:37,1368539497.0,an,251.78,34.15,90.0389538119,1650.34,59.6428605976,30.3960932143,outperform
579,2003-10-03 19:00:10,1065222010.0,anf,0.0,29.46,0.0,995.97,0.0,0.0,underperform
580,2003-12-15 21:44:33,1071542673.0,anf,0.0,23.49,-20.2647657841,1074.14,7.84862997881,-28.1133957629,underperform
581,2004-04-11 04:03:14,1081670594.0,anf,0.0,33.4,13.3740665309,1139.32,14.3930038053,-1.01893727445,underperform
582,2004-06-07 20:30:50,1086654650.0,anf,0.0,37.13,26.0353021045,1122.5,12.7041979176,13.3311041869,outperform
583,2004-08-10 03:04:16,1092121456.0,anf,0.0,33.48,13.6456211813,1079.04,8.34061266906,5.30500851221,outperform
584,2004-10-12 05:47:19,1097574439.0,anf,0.0,37.28,26.544467074,1121.84,12.6379308614,13.9065362126,outperform
585,2005-01-28 05:22:27,1106907747.0,anf,0.0,49.76,68.9069925322,1168.41,17.3137745113,51.593218021,outperform
586,2005-02-27 08:07:02,1109509622.0,anf,0.0,54.23,84.0801086219,1200.2,20.50563772,63.5744709018,outperform
587,2008-01-23 22:53:05,1201146785.0,anf,0.019,77.58,163.3401222,1338.6,34.4016386036,128.938483596,outperform
588,2008-02-16 21:41:31,1203216091.0,anf,0.019,75.38,155.872369314,1367.21,37.2742150868,118.598154228,outperform
589,2008-04-17 07:31:59,1208431919.0,anf,0.027,71.27,141.921249151,1328.32,33.3694790004,108.551770151,outperform
590,2008-08-19 22:29:30,1219199370.0,anf,0.02,50.25,70.5702647658,1266.69,27.1815416127,43.3887231531,outperform
591,2008-08-26 08:52:14,1219755134.0,anf,0.057,50.69,72.0638153428,1271.51,27.6654919325,44.3983234103,outperform
592,2008-08-28 17:47:37,1219960057.0,anf,0.057,52.36,77.7325186694,1266.84,27.1966023073,50.5359163621,outperform
593,2008-08-29 23:37:03,1220067423.0,anf,0.057,52.45,78.0380176511,1271.51,27.6654919325,50.3725257186,outperform
594,2008-09-01 18:33:05,1220308385.0,anf,0.057,52.45,78.0380176511,1282.83,28.8020723516,49.2359452995,outperform
595,2008-11-05 12:09:43,1225904983.0,anf,0.076,26.61,-9.67413441955,952.77,-4.33748004458,-5.33665437497,underperform
596,2008-12-29 16:51:53,1230587513.0,anf,0.078,21.5,-27.0196877122,872.8,-12.3668383586,-14.6528493536,underperform
597,2011-08-18 11:52:30,1313682750.0,anf,3.66,64.87,120.196877122,1204.49,20.9363735855,99.260503536,outperform
598,2011-10-23 13:43:24,1319391804.0,anf,1.39,69.66,136.456211813,1215.39,22.0307840598,114.425427753,outperform
599,2011-11-15 05:16:26,1321352186.0,anf,1.39,57.25,94.3312966735,1257.81,26.2899484924,68.041348181,outperform
600,2011-12-27 06:24:14,1324985054.0,anf,1.36,48.53,64.7318397828,1265.43,27.0550317781,37.6768080047,outperform
601,2012-06-10 08:21:25,1339330885.0,anf,3.88,48.53,64.7318397828,1314.99,32.0310852737,32.7007545091,outperform
602,2012-10-14 07:23:23,1350213803.0,anf,8.13,48.53,64.7318397828,1432.84,43.8637709971,20.8680687856,outperform
603,2012-11-07 15:11:00,1352319060.0,anf,8.13,48.53,64.7318397828,1394.53,40.0172695965,24.7145701863,outperform
604,2013-03-30 07:22:01,1364642521.0,anf,3.6,48.53,64.7318397828,1562.85,56.9173770294,7.81446275333,outperform
605,2013-05-12 21:50:41,1368409841.0,anf,3.52,48.53,64.7318397828,1626.67,63.3252005582,1.40663922451,outperform
606,2003-10-26 16:14:46,1067202886.0,ann,0.165,34.5,0.0,1033.77,0.0,0.0,underperform
607,2004-09-23 14:25:10,1095963910.0,ann,0.0,25.48,-26.1449275362,1122.2,8.55412712692,-34.6990546632,underperform
608,2004-10-13 23:19:29,1097723969.0,ann,0.0,22.08,-36.0,1113.65,7.7270572758,-43.7270572758,underperform
609,2005-02-07 11:27:26,1107793646.0,ann,0.0,22.91,-33.5942028986,1203.03,16.3730810528,-49.9672839514,underperform
610,2005-04-19 08:16:27,1113912987.0,ann,0.0,23.85,-30.8695652174,1152.78,11.5122319278,-42.3817971452,underperform
611,2008-12-10 08:28:26,1228915706.0,ann,0.01,5.25,-84.7826086957,899.24,-13.0135329909,-71.7690757048,underperform
612,2013-05-12 20:09:23,1368403763.0,ann,0.14,5.25,-84.7826086957,1626.67,57.3531830098,-142.135791705,underperform
613,2011-08-18 09:21:16,1313673676.0,aon,53.53,46.41,0.0,1204.49,0.0,0.0,underperform
614,2011-12-21 15:02:05,1324497725.0,aon,55.3,46.12,-0.624865330748,1243.72,3.25698013267,-3.88184546342,underperform
615,2011-12-28 18:42:02,1325115722.0,aon,55.3,46.91,1.07735401853,1249.64,3.74847445807,-2.67112043954,underperform
616,2012-01-28 05:43:21,1327747401.0,aon,55.3,48.14,3.72764490412,1326.06,10.0930684356,-6.36542353149,underperform
617,2012-01-28 14:58:47,1327780727.0,aon,55.3,48.14,3.72764490412,1326.06,10.0930684356,-6.36542353149,underperform
618,2004-05-12 19:41:03,1084405263.0,apa,0.319,40.16,0.0,1097.28,0.0,0.0,underperform
619,2004-09-19 14:30:16,1095618616.0,apa,0.301,47.98,19.4721115538,1123.5,2.38954505687,17.0825664969,outperform
620,2004-10-27 04:46:49,1098866809.0,apa,0.301,54.05,34.5866533865,1125.4,2.56270049577,32.0239528907,outperform
621,2005-02-04 04:18:29,1107508709.0,apa,0.315,55.37,37.8735059761,1189.41,8.39621609799,29.4772898781,outperform
622,2005-03-07 02:55:15,1110182115.0,apa,0.315,65.69,63.5707171315,1222.12,11.3772236804,52.1934934511,outperform
623,2006-06-17 17:07:19,1150578439.0,apa,0.208,61.24,52.4900398406,1230.04,12.0990084573,40.3910313834,outperform
624,2006-08-13 13:31:21,1155490281.0,apa,0.185,69.11,72.0866533865,1271.81,15.9056940799,56.1809593065,outperform
625,2007-02-20 18:33:15,1172014395.0,apa,0.153,68.27,69.9950199203,1459.68,33.0271216098,36.9678983105,outperform
626,2007-04-05 23:23:27,1175829807.0,apa,0.29,72.09,79.5069721116,1424.55,29.8255686789,49.6814034326,outperform
627,2008-01-23 20:36:27,1201138587.0,apa,0.331,88.76,121.015936255,1338.6,21.9925634296,99.0233728254,outperform
628,2008-12-25 19:23:56,1230251036.0,apa,0.216,70.17,74.7260956175,871.63,-20.5644867308,95.2905823484,outperform
629,2011-09-05 15:42:11,1315251731.0,apa,29.45,98.65,145.642430279,1173.97,6.98910032079,138.653329958,outperform
630,2011-12-30 22:31:04,1325302264.0,apa,25.81,90.58,125.547808765,1265.43,15.324256343,110.223552422,outperform
631,2012-02-29 17:44:57,1330555497.0,apa,24.89,90.58,125.547808765,1365.68,24.4604841062,101.087324659,outperform
632,2012-06-07 09:06:44,1339074404.0,apa,26.5,90.58,125.547808765,1278.18,16.4862204724,109.061588292,outperform
633,2013-04-23 05:22:32,1366708952.0,apa,39.4,90.58,125.547808765,1578.78,43.8812335958,81.6665751691,outperform
634,2013-05-10 03:19:15,1368170355.0,apa,39.4,90.58,125.547808765,1625.96,48.1809565471,77.3668522178,outperform
635,2003-10-27 03:51:53,1067244713.0,apc,0.719,41.81,0.0,1028.91,0.0,0.0,underperform
636,2005-01-23 01:45:43,1106462743.0,apc,0.475,63.9,52.8342501794,1175.41,14.2383687592,38.5958814202,outperform
637,2005-03-06 05:42:18,1110105738.0,apc,0.395,81.37,94.6185123176,1210.47,17.6458582383,76.9726540793,outperform
638,2006-10-28 02:52:41,1162018361.0,apc,0.289,46.52,11.2652475484,1382.22,34.3382803161,-23.0730327676,underperform
639,2007-02-18 19:32:02,1171845122.0,apc,1.542,41.33,-1.14805070557,1456.81,41.5876996044,-42.73575031,underperform
640,2007-05-01 11:54:25,1178034865.0,apc,1.542,46.66,11.6000956709,1486.3,44.4538395001,-32.8537438292,underperform
641,2007-06-15 02:55:42,1181890542.0,apc,1.408,52.77,26.2138244439,1493.0,45.105014044,-18.8911896001,underperform
642,2007-07-18 00:00:46,1184731246.0,apc,1.408,52.46,25.4723750299,1546.17,50.2726185964,-24.8002435665,underperform
643,2008-01-23 22:48:13,1201146493.0,apc,0.909,54.02,29.203539823,1338.6,30.0988424644,-0.895302641347,underperform
644,2008-05-11 19:06:59,1210547219.0,apc,0.901,76.33,82.5639799091,1397.68,35.8408412786,46.7231386305,outperform
645,2008-12-21 02:29:39,1229844579.0,apc,0.697,37.16,-11.1217412102,885.28,-13.9594327978,2.83769158758,outperform
646,2011-05-13 21:22:08,1305336128.0,apc,60.68,74.06,77.1346567807,1357.16,31.9026931413,45.2319636394,outperform
647,2011-08-18 03:29:58,1313652598.0,apc,59.18,72.78,74.0731882325,1204.49,17.0646606603,57.0085275722,outperform
648,2011-08-19 08:12:20,1313755940.0,apc,59.18,66.95,60.1291557044,1192.76,15.9246192573,44.2045364471,outperform
649,2011-10-19 20:36:56,1319071016.0,apc,59.18,77.7,85.8407079646,1209.88,17.5885160024,68.2521919622,outperform
650,2012-04-19 11:31:38,1334849498.0,apc,86.55,77.7,85.8407079646,1369.57,33.108823901,52.7318840636,outperform
651,2012-06-22 05:28:32,1340357312.0,apc,72.7,77.7,85.8407079646,1357.98,31.9823891302,53.8583188344,outperform
652,2012-08-24 02:31:00,1345789860.0,apc,72.7,77.7,85.8407079646,1413.17,37.3463179481,48.4943900165,outperform
653,2012-11-16 22:00:39,1353121239.0,apc,65.98,77.7,85.8407079646,1374.53,33.590887444,52.2498205206,outperform
654,2012-11-23 10:15:36,1353683736.0,apc,65.98,77.7,85.8407079646,1387.81,34.8815737042,50.9591342604,outperform
655,2013-04-14 18:29:47,1365978587.0,apc,66.1,77.7,85.8407079646,1593.37,54.8599974731,30.9807104915,outperform
656,2013-05-16 15:24:29,1368732269.0,apc,66.12,77.7,85.8407079646,1633.77,58.7864827828,27.0542251819,outperform
657,2004-01-07 20:36:17,1073525777.0,apd,0.664,52.59,0.0,1126.33,0.0,0.0,underperform
658,2004-04-11 04:17:28,1081671448.0,apd,0.646,51.34,-2.37687773341,1139.32,1.15330320599,-3.5301809394,underperform
659,2004-09-30 16:49:17,1096577357.0,apd,0.579,54.2,3.06141852063,1103.52,-2.02516136479,5.08657988542,outperform
660,2004-11-29 02:19:46,1101712786.0,apd,0.579,56.79,7.98630918426,1182.65,5.00031074374,2.98599844051,outperform
661,2005-03-15 11:14:35,1110903275.0,apd,0.541,64.22,22.1144704316,1197.75,6.34094803477,15.7735223969,outperform
662,2005-12-08 20:13:48,1134090828.0,apd,0.558,60.91,15.8204981936,1262.09,12.0533058695,3.76719232407,outperform
663,2006-06-27 20:28:39,1151454519.0,apd,0.564,62.19,18.2544209926,1239.2,10.0210417906,8.23337920199,outperform
664,2007-02-20 18:33:26,1172014406.0,apd,0.616,77.74,47.8227799962,1459.68,29.5961219181,18.2266580781,outperform
665,2007-07-12 08:34:18,1184243658.0,apd,0.628,82.34,56.5696900551,1531.85,36.0036578978,20.5660321574,outperform
666,2007-07-14 16:42:56,1184445776.0,apd,0.628,86.85,65.1454649173,1518.76,34.8414762991,30.3039886182,outperform
667,2008-01-23 19:25:40,1201134340.0,apd,0.669,83.62,59.0036128542,1338.6,18.8461640905,40.1574487637,outperform
668,2011-07-21 11:46:56,1311263216.0,apd,72.72,94.13,78.9884008367,1305.44,15.9020890858,63.0863117509,outperform
669,2012-11-06 21:25:11,1352255111.0,apd,75.54,94.13,78.9884008367,1428.39,26.8180728561,52.1703279806,outperform
670,2013-05-15 13:09:58,1368637798.0,apd,86.63,94.13,78.9884008367,1658.78,47.2730016958,31.7153991409,outperform
671,2004-01-07 20:39:02,1073525942.0,aph,2.08,63.79,0.0,1126.33,0.0,0.0,underperform
672,2004-05-21 16:30:26,1085171426.0,aph,1.476,31.14,-51.1835710926,1091.49,-3.09323200128,-48.0903390914,underperform
673,2005-01-22 01:12:56,1106374376.0,aph,1.088,37.6,-41.0565919423,1184.63,5.17610291833,-46.2326948606,underperform
674,2005-03-06 06:27:14,1110108434.0,aph,0.932,39.91,-37.435334692,1210.47,7.47027958058,-44.9056142725,underperform
675,2007-03-27 10:44:29,1175006669.0,aph,0.754,65.81,3.16664053927,1428.61,26.8376053199,-23.6709647807,underperform
676,2007-04-04 22:42:08,1175740928.0,aph,0.754,34.14,-46.4806395987,1439.37,27.7929203697,-74.2735599684,underperform
677,2007-05-28 00:30:19,1180326619.0,aph,0.706,34.74,-45.5400532999,1515.73,34.5724610017,-80.1125143016,underperform
678,2008-06-28 23:46:41,1214711201.0,aph,0.696,45.28,-29.0170873178,1321.97,17.3696873918,-46.3867747096,underperform
679,2009-01-03 17:30:33,1231021833.0,aph,0.526,25.48,-60.0564351779,903.25,-19.8059183365,-40.2505168414,underperform
680,2013-04-22 03:37:09,1366616229.0,aph,67.07,25.48,-60.0564351779,1555.25,38.0812017792,-98.1376369572,underperform
681,2013-05-12 15:28:10,1368386890.0,aph,67.07,25.48,-60.0564351779,1626.67,44.422149814,-104.478584992,underperform
682,2004-11-23 18:50:38,1101253838.0,apol,0.034,75.67,0.0,1176.94,0.0,0.0,underperform
683,2005-01-26 07:59:07,1106744347.0,apol,0.0,77.4,2.28624289679,1174.07,-0.243852702772,2.53009559956,outperform
684,2005-02-20 17:17:18,1108937838.0,apol,0.0,75.53,-0.185013876041,1200.75,2.02304280592,-2.20805668196,underperform
685,2005-03-08 20:47:43,1110332863.0,apol,0.0,76.22,0.726840227303,1219.43,3.6102095264,-2.8833692991,underperform
686,2005-04-13 19:34:15,1113435255.0,apol,0.0,74.99,-0.898638826483,1173.79,-0.267643210359,-0.630995616124,underperform
687,2005-05-27 09:09:06,1117199346.0,apol,0.0,77.8,2.81485397119,1194.07,1.45546926776,1.35938470343,outperform
688,2005-09-28 17:36:43,1127943403.0,apol,0.0,66.57,-12.0259019426,1216.89,3.39439563614,-15.4202975788,underperform
689,2011-07-07 23:20:31,1310095231.0,apol,14.72,48.89,-35.3905114312,1353.22,14.9778238483,-50.3683352795,underperform
690,2011-09-25 19:44:13,1316994253.0,apol,14.02,41.35,-45.3548301837,1129.56,-4.02569374819,-41.3291364355,underperform
691,2011-11-08 15:29:15,1320784155.0,apol,48.15,47.56,-37.1481432536,1275.92,8.40994443217,-45.5580876858,underperform
692,2013-02-06 13:12:36,1360174356.0,apol,9.59,47.56,-37.1481432536,1512.12,28.4789369042,-65.6270801578,underperform
693,2013-04-22 02:44:26,1366613066.0,apol,8.8,47.56,-37.1481432536,1555.25,32.1435247336,-69.2916679872,underperform
694,2013-05-11 13:55:35,1368294935.0,apol,8.8,47.56,-37.1481432536,1632.69,38.7232994035,-75.8714426571,underperform
695,2003-11-03 14:16:55,1067887015.0,arg,1.073,19.15,0.0,1050.71,0.0,0.0,underperform
696,2004-05-22 20:07:41,1085270861.0,arg,1.068,21.5,12.27154047,1088.68,3.61374689496,8.65779357502,outperform
697,2004-07-23 14:03:28,1090605808.0,arg,0.996,22.48,17.3890339426,1108.67,5.5162699508,11.8727639918,outperform
698,2004-08-25 20:14:18,1093479258.0,arg,0.922,21.95,14.6214099217,1104.96,5.16317537665,9.45823454502,outperform
699,2004-10-20 01:31:34,1098250294.0,arg,0.922,23.81,24.3342036554,1103.66,5.03944951509,19.2947541403,outperform
700,2004-12-10 07:06:13,1102680373.0,arg,1.08,25.5,33.1592689295,1177.07,12.0261537437,21.1331151858,outperform
701,2005-02-24 02:30:29,1109230229.0,arg,1.086,23.83,24.4386422977,1200.2,14.227522342,10.2111199556,outperform
702,2005-03-17 18:20:52,1111101652.0,arg,1.086,24.96,30.3394255875,1206.83,14.858524236,15.4809013515,outperform
703,2007-02-27 17:00:22,1172613622.0,arg,0.878,41.56,117.023498695,1399.04,33.1518687364,83.8716299581,outperform
704,2007-04-07 18:52:20,1175986340.0,arg,0.878,41.61,117.2845953,1439.37,36.9902256569,80.2943696433,outperform
705,2007-06-11 10:05:02,1181570702.0,arg,1.25,41.72,117.859007833,1507.67,43.4905920758,74.3684157571,outperform
706,2008-05-10 09:45:04,1210427104.0,arg,1.162,58.68,206.422976501,1392.57,32.5360946408,173.886881861,outperform
707,2013-04-23 04:48:02,1366706882.0,arg,128.28,58.68,206.422976501,1578.78,50.2583967032,156.164579798,outperform
708,2013-05-09 12:21:27,1368116487.0,arg,169.67,58.68,206.422976501,1617.5,53.9435239029,152.479452598,outperform
709,2003-11-20 22:54:07,1069386847.0,arna,0.0,6.51,0.0,1043.63,0.0,0.0,underperform
710,2004-10-14 00:44:55,1097729095.0,arna,0.0,4.7,-27.8033794163,1124.39,7.73837471134,-35.5417541276,underperform
711,2006-06-23 06:22:31,1151058151.0,arna,0.043,11.05,69.7388632873,1240.12,18.8275538265,50.9113094607,outperform
712,2006-10-28 22:31:55,1162089115.0,arna,0.045,15.26,134.408602151,1382.22,32.4434905091,101.965111641,outperform
713,2007-03-07 03:17:51,1173255471.0,arna,0.09,11.79,81.1059907834,1391.97,33.3777296551,47.7282611283,outperform
714,2012-06-25 18:51:20,1340664680.0,arna,195.57,11.79,81.1059907834,1335.02,27.9208148482,53.1851759352,outperform
715,2012-09-03 18:11:53,1346710313.0,arna,69.74,11.79,81.1059907834,1406.58,34.7776510832,46.3283397002,outperform
716,2013-03-19 09:59:23,1363701563.0,arna,75.49,11.79,81.1059907834,1548.34,48.3610091699,32.7449816135,outperform
717,2013-05-07 07:34:15,1367926455.0,arna,92.31,11.79,81.1059907834,1625.96,55.7985109665,25.3074798169,outperform
718,2004-08-10 05:04:43,1092128683.0,aro,0.0,28.95,0.0,1079.04,0.0,0.0,underperform
719,2005-01-24 16:39:03,1106602743.0,aro,0.0,26.31,-9.11917098446,1167.87,8.23231761566,-17.3514886001,underperform
720,2005-04-05 08:05:12,1112702712.0,aro,0.0,32.17,11.1226252159,1181.39,9.48528321471,1.63734200118,outperform
721,2004-08-20 21:58:02,1093053482.0,ati,3.925,18.57,0.0,1081.71,0.0,0.0,underperform
722,2005-03-06 07:26:21,1110111981.0,ati,1.368,26.05,40.2800215401,1210.47,11.9033752115,28.3766463286,outperform
723,2006-06-16 09:27:04,1150464424.0,ati,0.621,64.35,246.526655897,1223.69,13.1255142321,233.401141665,outperform
724,2007-05-17 06:45:00,1179398700.0,ati,0.321,113.55,511.470113086,1503.15,38.9605347089,472.509578377,outperform
725,2007-06-18 21:13:43,1182215623.0,ati,0.321,109.12,487.614431879,1532.91,41.7117341986,445.902697681,outperform
726,2007-10-24 03:58:00,1193212680.0,ati,0.287,93.62,404.146472806,1515.88,40.137375082,364.009097724,outperform
727,2008-01-23 22:50:36,1201146636.0,ati,0.255,66.87,260.096930533,1338.6,23.7485093047,236.348421228,outperform
728,2008-01-27 18:21:07,1201476067.0,ati,0.238,66.0,255.411954766,1352.07,24.9937598802,230.418194886,outperform
729,2008-12-31 23:18:51,1230783531.0,ati,0.218,25.53,37.4798061389,903.25,-16.4979523162,53.9777584552,outperform
730,2011-11-08 00:58:58,1320731938.0,ati,57.31,49.62,167.205169628,1275.92,17.953980272,149.251189356,outperform
731,2011-12-29 01:38:25,1325140705.0,ati,57.31,47.36,155.035002693,1263.02,16.7614240416,138.273578651,outperform
732,2012-02-28 21:23:56,1330482236.0,ati,58.58,47.36,155.035002693,1372.18,26.8528533526,128.18214934,outperform
733,2012-09-18 18:14:10,1348006450.0,ati,56.12,47.36,155.035002693,1459.32,34.9086169121,120.12638578,outperform
734,2013-05-14 22:40:19,1368585619.0,ati,56.96,47.36,155.035002693,1650.34,52.5676937442,102.467308948,outperform
735,2003-10-03 19:55:57,1065225357.0,atvi,0.0,12.61,0.0,995.97,0.0,0.0,underperform
736,2004-01-05 02:22:00,1073287320.0,atvi,0.0,18.79,49.0087232355,1108.48,11.2965249957,37.7121982398,outperform
737,2004-01-16 20:23:23,1074302603.0,atvi,0.0,18.67,48.0570975416,1121.22,12.5756799904,35.4814175513,outperform
738,2004-06-22 14:13:06,1087927986.0,atvi,0.0,14.79,17.2878667724,1134.41,13.9000170688,3.38784970362,outperform
739,2004-08-27 19:14:54,1093648494.0,atvi,0.0,14.48,14.8295003965,1096.19,10.0625520849,4.76694831161,outperform
740,2004-09-25 10:50:03,1096123803.0,atvi,0.0,13.35,5.86835844568,1113.56,11.8065805195,-5.93822207382,underperform
741,2004-10-13 12:41:21,1097685681.0,atvi,0.0,12.75,1.11022997621,1113.65,11.8156169363,-10.70538696,underperform
742,2004-10-14 00:45:07,1097729107.0,atvi,0.0,12.7,0.71371927042,1124.39,12.8939626696,-12.1802433991,underperform
743,2005-02-20 04:31:33,1108891893.0,atvi,0.0,21.53,70.7375099128,1200.75,20.5608602669,50.1766496459,outperform
744,2005-04-19 16:14:47,1113941687.0,atvi,0.0,15.38,21.9666931007,1152.78,15.744450134,6.22224296667,outperform
745,2004-10-26 05:07:35,1098781655.0,avb,1.06,65.05,0.0,1111.09,0.0,0.0,underperform
746,2004-12-16 22:56:23,1103255783.0,avb,1.1,73.25,12.6056879324,1198.68,7.88324978175,4.72243815061,outperform
747,2005-03-02 04:14:41,1109754881.0,avb,1.1,69.76,7.24058416603,1210.08,8.90926927612,-1.66868511009,underperform
748,2007-01-13 03:58:35,1168678715.0,avb,1.002,136.57,109.946195234,1414.85,27.3389194395,82.607275795,outperform
749,2007-02-18 19:32:33,1171845153.0,avb,1.074,145.04,122.966948501,1456.81,31.1153911924,91.8515573087,outperform
750,2008-01-23 23:04:32,1201147472.0,avb,0.985,95.46,46.7486548809,1338.6,20.4762890495,26.2723658314,outperform
751,2009-01-13 22:30:19,1231903819.0,avb,1.067,53.68,-17.4788624135,871.79,-21.5374092108,4.05854679725,outperform
752,2013-04-22 08:22:31,1366633351.0,avb,56.76,53.68,-17.4788624135,1555.25,39.975159528,-57.4540219416,underperform
753,2013-05-14 03:02:32,1368514952.0,avb,68.3,53.68,-17.4788624135,1650.34,48.533422135,-66.0122845485,underperform
754,2004-07-08 15:19:01,1089314341.0,avp,2.701,46.34,0.0,1109.11,0.0,0.0,underperform
755,2004-09-18 00:02:40,1095480160.0,avp,1.842,43.44,-6.25809236081,1120.37,1.0152284264,-7.27332078721,underperform
756,2004-11-01 17:43:32,1099349012.0,avp,1.842,37.81,-18.4074233923,1130.2,1.90152464589,-20.3089480382,underperform
757,2005-02-07 01:59:01,1107759541.0,avp,0.966,45.07,-2.74061286146,1203.03,8.46805095978,-11.2086638212,underperform
758,2005-03-24 10:06:14,1111676774.0,avp,0.966,41.89,-9.60293482952,1183.78,6.7324250976,-16.3353599271,underperform
759,2005-04-16 07:45:45,1113651945.0,avp,0.966,40.9,-11.7393180837,1173.79,5.83170289692,-17.5710209806,underperform
760,2006-08-21 20:01:13,1156204873.0,avp,1.74,28.25,-39.0375485542,1302.3,17.4184706657,-56.4560192198,underperform
761,2007-02-27 17:00:34,1172613634.0,avp,2.26,37.82,-18.3858437635,1399.04,26.140779544,-44.5266233074,underperform
762,2007-04-07 19:07:32,1175987252.0,avp,2.26,38.66,-16.5731549417,1439.37,29.7770284282,-46.3501833699,underperform
763,2007-06-02 05:05:13,1180775113.0,avp,2.712,39.21,-15.3862753561,1530.23,37.9691824977,-53.3554578537,underperform
764,2007-06-04 03:24:00,1180941840.0,avp,2.712,39.21,-15.3862753561,1536.34,38.5200746545,-53.9063500105,underperform
765,2008-01-23 20:46:07,1201139167.0,avp,3.593,35.67,-23.025463962,1338.6,20.6913651486,-43.7168291107,underperform
766,2009-01-10 20:57:37,1231639057.0,avp,2.275,23.0,-50.3668536901,906.65,-18.254275951,-32.1125777391,underperform
767,2012-01-23 10:18:25,1327331905.0,avp,176.3,18.58,-59.9050496331,1315.38,18.5977946281,-78.5028442613,underperform
768,2012-07-28 11:38:00,1343489880.0,avp,205.19,18.58,-59.9050496331,1337.89,20.6273498571,-80.5323994902,underperform
769,2013-04-01 20:27:33,1364862453.0,avp,259.13,18.58,-59.9050496331,1562.17,40.8489689932,-100.754018626,underperform
770,2013-06-03 08:48:25,1370263705.0,avp,304.18,18.58,-59.9050496331,1630.74,47.0314035578,-106.936453191,underperform
771,2003-10-26 17:50:37,1067208637.0,avy,0.964,50.82,0.0,1033.77,0.0,0.0,underperform
772,2004-08-25 17:02:24,1093467744.0,avy,0.914,61.23,20.4840613932,1104.96,6.88644476044,13.5976166327,outperform
773,2005-01-22 21:17:05,1106446625.0,avy,0.882,57.69,13.5182998819,1184.63,14.5931880399,-1.07488815796,underperform
774,2005-03-07 00:26:28,1110173188.0,avy,0.782,60.61,19.2640692641,1222.12,18.2197200538,1.04434921029,outperform
775,2005-04-05 11:01:31,1112713291.0,avy,0.782,61.48,20.9759937033,1181.39,14.2797720963,6.69622160696,outperform
776,2005-08-29 23:49:11,1125373751.0,avy,0.747,53.94,6.13931523022,1205.1,16.5733190168,-10.4340037866,underperform
777,2007-02-14 04:33:25,1171445605.0,avy,0.575,67.7,33.2152695789,1455.3,40.7759946603,-7.56072508142,underperform
778,2008-01-23 20:53:24,1201139604.0,avy,1.227,45.91,-9.66155057064,1338.6,29.4872166923,-39.1487672629,underperform
779,2008-04-27 20:07:10,1209341230.0,avy,1.087,49.24,-3.10901219992,1388.82,34.3451638179,-37.4541760178,underperform
780,2011-04-29 07:55:47,1304078147.0,avy,81.25,42.5,-16.3715072806,1347.24,30.3229925419,-46.6944998225,underperform
781,2013-04-25 05:03:00,1366880580.0,avy,77.32,42.5,-16.3715072806,1562.5,51.1458061271,-67.5173134077,underperform
782,2004-06-20 06:09:56,1087726196.0,axp,2.517,51.96,0.0,1132.05,0.0,0.0,underperform
783,2004-07-25 05:15:21,1090746921.0,axp,2.517,48.11,-7.40954580446,1096.84,-3.11028664812,-4.29925915635,underperform
784,2004-08-03 22:52:58,1091587978.0,axp,2.661,49.91,-3.94534257121,1099.69,-2.85853098361,-1.08681158759,underperform
785,2004-12-10 12:24:54,1102699494.0,axp,2.597,55.3,6.42802155504,1177.07,3.97685614593,2.45116540911,outperform
786,2005-01-04 11:31:25,1104856285.0,axp,2.597,55.91,7.60200153965,1188.05,4.94677796917,2.65522357047,outperform
787,2005-03-27 12:41:41,1111945301.0,axp,2.949,50.28,-3.23325635104,1171.42,3.47776158297,-6.71101793401,underperform
788,2005-04-05 11:07:39,1112713659.0,axp,2.949,51.3,-1.27020785219,1181.39,4.35846473212,-5.62867258432,underperform
789,2005-10-13 10:11:23,1129212683.0,axp,2.521,48.21,-7.21709006928,1187.33,4.88317653814,-12.1002666074,underperform
790,2005-12-13 22:25:08,1134530708.0,axp,4.456,50.77,-2.29022324865,1267.43,11.9588357405,-14.2490589891,underperform
791,2005-12-14 07:49:57,1134564597.0,axp,4.456,50.77,-2.29022324865,1272.74,12.4278962943,-14.718119543,underperform
792,2005-12-22 23:42:49,1135312969.0,axp,4.456,52.3,0.654349499615,1259.92,11.2954374807,-10.6410879811,underperform
793,2006-06-17 17:07:34,1150578454.0,axp,4.348,52.92,1.84757505774,1230.04,8.65597809284,-6.8084030351,underperform
794,2006-11-28 08:58:56,1164722336.0,axp,5.079,58.82,13.2024634334,1386.72,22.496356168,-9.2938927346,underperform
795,2007-01-11 23:29:04,1168576144.0,axp,5.079,59.45,14.4149345651,1412.84,24.8036747493,-10.3887401843,underperform
796,2007-03-14 15:57:48,1173902268.0,axp,5.509,54.55,4.98460354119,1387.17,22.5361070624,-17.5515035212,underperform
797,2007-04-05 05:30:25,1175765425.0,axp,5.509,56.31,8.37182448037,1424.55,25.8380813568,-17.4662568765,underperform
798,2007-06-08 15:38:27,1181331507.0,axp,5.599,62.26,19.8229407236,1530.95,35.2369594983,-15.4140187746,underperform
799,2007-10-23 22:08:34,1193191714.0,axp,6.175,58.66,12.8945342571,1519.59,34.2334702531,-21.338935996,underperform
800,2008-01-23 16:12:37,1201122757.0,axp,6.378,43.16,-16.9361046959,1338.6,18.2456605274,-35.1817652233,underperform
801,2008-10-28 18:29:50,1225232990.0,axp,5.538,23.49,-54.792147806,940.51,-16.919747361,-37.872400445,underperform
802,2008-12-18 21:41:22,1229654482.0,axp,5.727,18.9,-63.6258660508,868.57,-23.2745903449,-40.3512757059,underperform
803,2009-02-01 18:00:03,1233529203.0,axp,5.75,16.73,-67.8021555042,845.14,-25.3442869131,-42.4578685911,underperform
804,2011-04-30 18:31:35,1304202695.0,axp,376.47,49.08,-5.54272517321,1355.66,19.7526611015,-25.2953862748,underperform
805,2011-09-03 01:04:10,1315026250.0,axp,358.7,48.51,-6.63972286374,1218.89,7.67103926505,-14.3107621288,underperform
806,2011-11-02 21:07:51,1320282471.0,axp,366.67,50.32,-3.15627405697,1237.9,9.35029371494,-12.5065677719,underperform
807,2011-11-04 15:56:14,1320436574.0,axp,366.67,50.79,-2.25173210162,1218.28,7.61715471931,-9.86888682093,underperform
808,2012-01-02 19:28:59,1325550539.0,axp,362.64,47.17,-9.21862971517,1257.6,11.0904995362,-20.3091292514,underperform
809,2012-03-04 02:57:58,1330847878.0,axp,351.63,47.17,-9.21862971517,1374.09,21.3806810653,-30.5993107805,underperform
810,2012-03-07 01:40:10,1331102410.0,axp,351.63,47.17,-9.21862971517,1352.63,19.4850050793,-28.7036347944,underperform
811,2012-03-07 17:08:49,1331158129.0,axp,351.63,47.17,-9.21862971517,1352.63,19.4850050793,-28.7036347944,underperform
812,2012-07-30 22:27:11,1343701631.0,axp,315.79,47.17,-9.21862971517,1385.97,22.4301046774,-31.6487343925,underperform
813,2012-08-06 08:14:18,1344255258.0,axp,315.79,47.17,-9.21862971517,1390.99,22.8735479882,-32.0921777033,underperform
814,2013-02-06 07:01:26,1360152086.0,axp,326.32,47.17,-9.21862971517,1512.12,33.5736054061,-42.7922351213,underperform
815,2013-04-25 05:50:50,1366883450.0,axp,310.53,47.17,-9.21862971517,1562.5,38.023938872,-47.2425685871,underperform
816,2003-10-03 20:37:15,1065227835.0,azo,2.36,93.07,0.0,995.97,0.0,0.0,underperform
817,2004-09-23 22:22:55,1095992575.0,azo,10.906,74.73,-19.705597937,1122.2,12.6740765284,-32.3796744654,underperform
818,2004-10-12 06:35:10,1097577310.0,azo,10.906,77.0,-17.2665735468,1121.84,12.6379308614,-29.9045044082,underperform
819,2005-05-11 16:27:52,1115843272.0,azo,4.942,84.37,-9.34780272913,1171.11,17.5848670141,-26.9326697432,underperform
820,2006-06-17 18:32:09,1150583529.0,azo,3.21,92.54,-0.569463844418,1230.04,23.501711899,-24.0711757434,underperform
821,2007-01-16 14:43:17,1168976597.0,azo,3.469,124.61,33.8884710433,1431.9,43.7693906443,-9.880919601,underperform
822,2007-02-20 18:33:46,1172014426.0,azo,3.469,127.72,37.2300419039,1459.68,46.5586312841,-9.32858938013,underperform
823,2007-12-14 13:28:04,1197656884.0,azo,12.634,120.58,29.5583969056,1477.65,48.3629024971,-18.8045055915,underperform
824,2008-01-23 23:18:18,1201148298.0,azo,12.634,114.58,23.1116364027,1338.6,34.4016386036,-11.2900022009,underperform
825,2008-12-11 21:04:14,1229047454.0,azo,10.075,125.95,35.3282475556,909.7,-8.66190748717,43.9901550428,outperform
826,2008-12-14 23:44:59,1229316299.0,azo,37.805,129.6,39.2500268615,873.59,-12.2875187004,51.5375455619,outperform
827,2003-12-15 23:51:09,1071550269.0,ba,2.023,39.2,0.0,1074.14,0.0,0.0,underperform
828,2004-04-23 19:07:34,1082761654.0,ba,1.775,42.62,8.72448979592,1118.15,4.09723127339,4.62725852253,outperform
829,2004-06-22 15:13:31,1087931611.0,ba,1.583,49.58,26.4795918367,1134.41,5.61100042825,20.8685914085,outperform
830,2004-08-10 05:47:42,1092131262.0,ba,1.526,48.76,24.387755102,1079.04,0.456178896606,23.9315762054,outperform
831,2004-10-13 12:14:23,1097684063.0,ba,1.526,50.4,28.5714285714,1113.65,3.67829147039,24.893137101,outperform
832,2004-12-10 14:13:37,1102706017.0,ba,1.296,52.78,34.6428571429,1177.07,9.58254976074,25.0603073821,outperform
833,2005-01-21 23:14:29,1106367269.0,ba,1.296,50.07,27.7295918367,1195.98,11.3430279107,16.386563926,outperform
834,2005-02-16 09:43:00,1108564980.0,ba,1.081,54.43,38.8520408163,1210.34,12.679911371,26.1721294454,outperform
835,2005-02-20 13:24:01,1108923841.0,ba,1.081,52.78,34.6428571429,1200.75,11.7871041019,22.855753041,outperform
836,2005-04-04 05:06:47,1112605607.0,ba,1.081,58.78,49.9489795918,1172.92,9.19619416463,40.7527854272,outperform
837,2005-09-08 03:59:58,1126166398.0,ba,0.991,64.5,64.5408163265,1231.67,14.6656860372,49.8751302893,outperform
838,2005-12-14 23:01:36,1134619296.0,ba,1.153,71.45,82.2704081633,1272.74,18.4892099726,63.7811981906,outperform
839,2007-01-11 22:34:58,1168572898.0,ba,0.919,88.84,126.632653061,1412.84,31.5322025062,95.100450555,outperform
840,2007-03-11 21:07:43,1173661663.0,ba,2.013,89.51,128.341836735,1401.89,30.5127823189,97.8290544158,outperform
841,2007-04-07 06:04:17,1175940257.0,ba,2.013,90.5,130.867346939,1439.37,34.0020853892,96.8652615495,outperform
842,2007-06-13 21:25:31,1181784331.0,ba,1.559,98.47,151.198979592,1515.67,41.1054424935,110.093537098,outperform
843,2007-06-15 02:33:59,1181889239.0,ba,1.559,98.97,152.474489796,1493.0,38.9949168637,113.479572932,outperform
844,2007-06-16 06:31:36,1181989896.0,ba,1.559,98.15,150.382653061,1515.67,41.1054424935,109.277210568,outperform
845,2007-07-17 11:23:37,1184685817.0,ba,1.559,102.07,160.382653061,1549.37,44.2428361294,116.139816932,outperform
846,2007-10-26 03:25:30,1193383530.0,ba,1.478,96.0,144.897959184,1519.59,41.4703856108,103.427573573,outperform
847,2008-01-23 15:53:15,1201121595.0,ba,1.339,76.02,93.9285714286,1338.6,24.6206267339,69.3079446946,outperform
848,2008-10-28 03:46:03,1225179963.0,ba,0.873,42.36,8.0612244898,940.51,-12.4406501946,20.5018746844,outperform
849,2008-12-18 03:42:42,1229589762.0,ba,0.873,41.02,4.64285714286,868.57,-19.1381011786,23.7809583215,outperform
850,2008-12-19 19:12:32,1229731952.0,ba,0.873,41.16,5.0,913.18,-14.9850112648,19.9850112648,outperform
851,2011-04-27 03:12:55,1303888375.0,ba,434.0,75.55,92.7295918367,1355.66,26.208874076,66.5207177607,outperform
852,2011-09-27 03:01:23,1317106883.0,ba,241.05,62.01,58.1887755102,1175.38,9.42521459028,48.7635609199,outperform
853,2011-11-07 22:29:08,1320722948.0,ba,204.26,66.29,69.1071428571,1253.23,16.6728731823,52.4342696749,outperform
854,2011-12-25 18:59:06,1324857546.0,ba,204.26,73.97,88.6989795918,1254.0,16.7445584374,71.9544211544,outperform
855,2012-01-08 12:20:26,1326043226.0,ba,204.26,73.98,88.7244897959,1281.06,19.2637831195,69.4607066764,outperform
856,2012-02-24 09:24:21,1330093461.0,ba,342.88,73.98,88.7244897959,1362.21,26.8186642337,61.9058255622,outperform
857,2012-04-27 11:01:28,1335538888.0,ba,342.88,73.98,88.7244897959,1371.97,27.7272981176,60.9971916784,outperform
858,2012-06-28 06:51:02,1340880662.0,ba,227.03,73.98,88.7244897959,1313.72,22.304355112,66.4201346839,outperform
859,2012-07-13 11:00:04,1342191604.0,ba,227.03,73.98,88.7244897959,1341.47,24.8878172305,63.8366725654,outperform
860,2012-09-22 14:17:19,1348337839.0,ba,190.11,73.98,88.7244897959,1461.05,36.0204442624,52.7040455335,outperform
861,2013-02-06 07:49:50,1360154990.0,ba,174.44,73.98,88.7244897959,1512.12,40.7749455378,47.9495442581,outperform
862,2013-04-26 01:20:15,1366953615.0,ba,174.44,73.98,88.7244897959,1578.78,46.9808404863,41.7436493096,outperform
863,2003-10-13 04:12:06,1066032726.0,bax,1.604,30.0,0.0,1038.06,0.0,0.0,underperform
864,2004-05-11 20:35:29,1084322129.0,bax,1.36,31.64,5.46666666667,1095.45,5.52858216288,-0.0619154962141,underperform
865,2004-12-16 23:06:18,1103256378.0,bax,1.245,33.53,11.7666666667,1198.68,15.4730940408,-3.70642737414,underperform
866,2005-04-12 22:31:24,1113359484.0,bax,1.159,34.96,16.5333333333,1187.76,14.4211317265,2.11220160684,outperform
867,2005-09-04 01:13:14,1125810794.0,bax,1.066,39.46,31.5333333333,1221.59,17.6800955629,13.8532377705,outperform
868,2005-10-16 05:37:23,1129455443.0,bax,1.066,37.39,24.6333333333,1176.84,13.3691694122,11.2641639212,outperform
869,2007-03-23 14:26:21,1174674381.0,bax,0.447,52.65,75.5,1410.94,35.9208523592,39.5791476408,outperform
870,2009-01-10 12:58:18,1231610298.0,bax,0.484,53.98,79.9333333333,906.65,-12.6591911836,92.5925245169,outperform
871,2011-12-23 01:38:47,1324622327.0,bax,63.28,49.76,65.8666666667,1241.3,19.5788297401,46.2878369266,outperform
872,2011-12-30 01:30:48,1325226648.0,bax,63.28,49.79,65.9666666667,1265.43,21.9033581874,44.0633084793,outperform
873,2012-04-27 18:48:25,1335566905.0,bax,76.08,49.79,65.9666666667,1371.97,32.1667341001,33.7999325665,outperform
874,2012-06-30 15:50:01,1341085801.0,bax,74.9,49.79,65.9666666667,1331.85,28.301832264,37.6648344026,outperform
875,2013-05-08 17:56:59,1368050219.0,bax,83.8,49.79,65.9666666667,1632.69,57.2828160222,8.68385064447,outperform
876,2003-10-26 19:36:04,1067214964.0,bbby,0.0,41.285,0.0,1033.77,0.0,0.0,underperform
877,2004-09-25 23:54:45,1096170885.0,bbby,0.0,37.47,-9.2406443018,1113.56,7.71835127736,-16.9589955792,underperform
878,2004-10-20 01:55:57,1098251757.0,bbby,0.031,38.73,-6.18868838561,1103.66,6.76069144974,-12.9493798354,underperform
879,2005-03-19 12:23:51,1111253031.0,bbby,0.031,36.19,-12.3410439627,1188.07,14.9259506467,-27.2669946094,underperform
880,2005-04-05 13:37:06,1112722626.0,bbby,0.031,36.98,-10.427516047,1181.39,14.2797720963,-24.7072881433,underperform
881,2005-08-30 19:07:36,1125443256.0,bbby,0.0,39.93,-3.28206370352,1208.41,16.8935062925,-20.175569996,underperform
